product_id,product_name,category,price,supplier_id
1,Office Chair,Furniture,445.01,501
2,Coffee Maker,Home & Kitchen,937.29,502
3,Document Scanner,Electronics,940.02,503
4,Desk Mat,Accessories,76.11,504
5,Tablet Stand,Accessories,388.17,505
6,Drawer Unit,Furniture,457.31,506
7,Bath Towels,Home & Kitchen,710.31,507
8,External SSD,Electronics,522.82,508
9,Computer Speakers,Electronics,20.36,509
10,Gaming Keyboard,Electronics,776.20,510
11,Gaming Mouse Pad,Accessories,313.63,511
12,Rice Cooker,Home & Kitchen,161.04,512
13,Phone Grip,Accessories,134.78,513
14,Toaster Oven,Home & Kitchen,844.45,514
15,Laptop Stand,Accessories,44.45,515
16,Mechanical Keyboard,Electronics,931.97,516
17,Food Processor,Home & Kitchen,139.62,517
18,Monitor Stand,Furniture,413.14,518
19,Laptop Sleeve,Accessories,394.45,519
20,Wireless Mouse,Electronics,358.27,520
21,Power Strip,Electronics,277.62,521
22,Microphone,Electronics,648.71,522
23,Bookshelf,Furniture,491.45,523
24,Portable Charger,Accessories,635.81,524
25,Bluetooth Headphones,Electronics,640.90,525
26,Noise Cancelling Headset,Electronics,345.18,526
27,Smart Watch,Electronics,824.90,527
28,Cable Organizer,Accessories,942.15,528
29,Storage Containers,Home & Kitchen,916.26,529
30,Kitchen Blender,Home & Kitchen,163.28,530
31,Wall Clock,Home & Kitchen,980.09,531
32,Storage Shelf,Furniture,79.41,532
33,WiFi Router,Electronics,148.60,533
34,Air Purifier,Home & Kitchen,638.17,534
35,Smartphone Case,Accessories,513.39,535
36,Standing Desk,Furniture,788.90,536
37,Throw Pillows,Home & Kitchen,832.24,537
38,Wireless Charger,Electronics,545.44,538
39,Wireless Presenter,Electronics,845.76,539
40,USB-C Hub,Electronics,786.96,540
41,Wireless Earbuds,Electronics,510.93,541
42,Electric Kettle,Home & Kitchen,260.72,542
43,Desk Organizer,Accessories,379.79,543
44,Screen Protector,Accessories,423.14,544
45,Desk Lamp,Home & Kitchen,582.20,545
46,4K Monitor,Electronics,715.55,546
47,Water Bottle,Home & Kitchen,431.25,547
48,File Cabinet,Furniture,648.43,548
49,Webcam HD,Electronics,6.19,549
50,Keyboard Wrist Rest,Accessories,476.46,550
51,Office Chair,Furniture,704.55,551
52,Coffee Maker,Home & Kitchen,159.46,552
53,Document Scanner,Electronics,241.30,553
54,Desk Mat,Accessories,767.20,554
55,Tablet Stand,Accessories,674.61,555
56,Drawer Unit,Furniture,794.85,556
57,Bath Towels,Home & Kitchen,995.21,557
58,External SSD,Electronics,234.44,558
59,Computer Speakers,Electronics,974.96,559
60,Gaming Keyboard,Electronics,716.78,560
61,Gaming Mouse Pad,Accessories,499.53,561
62,Rice Cooker,Home & Kitchen,621.24,562
63,Phone Grip,Accessories,519.33,563
64,Toaster Oven,Home & Kitchen,377.45,564
65,Laptop Stand,Accessories,599.96,565
66,Mechanical Keyboard,Electronics,620.87,566
67,Food Processor,Home & Kitchen,556.97,567
68,Monitor Stand,Furniture,245.35,568
69,Laptop Sleeve,Accessories,207.65,569
70,Wireless Mouse,Electronics,405.55,570
71,Power Strip,Electronics,278.21,571
72,Microphone,Electronics,40.52,572
73,Bookshelf,Furniture,524.58,573
74,Portable Charger,Accessories,787.42,574
75,Bluetooth Headphones,Electronics,476.96,575
76,Noise Cancelling Headset,Electronics,622.66,576
77,Smart Watch,Electronics,343.71,577
78,Cable Organizer,Accessories,651.06,578
79,Storage Containers,Home & Kitchen,530.41,579
80,Kitchen Blender,Home & Kitchen,934.82,580
81,Wall Clock,Home & Kitchen,7.22,581
82,Storage Shelf,Furniture,179.59,582
83,WiFi Router,Electronics,42.22,583
84,Air Purifier,Home & Kitchen,653.46,584
85,Smartphone Case,Accessories,847.65,585
86,Standing Desk,Furniture,716.51,586
87,Throw Pillows,Home & Kitchen,163.60,587
88,Wireless Charger,Electronics,666.66,588
89,Wireless Presenter,Electronics,244.38,589
90,USB-C Hub,Electronics,402.24,590
91,Wireless Earbuds,Electronics,20.87,591
92,Electric Kettle,Home & Kitchen,599.17,592
93,Desk Organizer,Accessories,600.11,593
94,Screen Protector,Accessories,837.35,594
95,Desk Lamp,Home & Kitchen,890.98,595
96,4K Monitor,Electronics,619.95,596
97,Water Bottle,Home & Kitchen,385.26,597
98,File Cabinet,Furniture,126.58,598
99,Webcam HD,Electronics,768.22,599
100,Keyboard Wrist Rest,Accessories,438.39,600
101,Office Chair,Furniture,713.74,501
102,Coffee Maker,Home & Kitchen,995.68,502
103,Document Scanner,Electronics,861.71,503
104,Desk Mat,Accessories,605.58,504
105,Tablet Stand,Accessories,367.19,505
106,Drawer Unit,Furniture,955.29,506
107,Bath Towels,Home & Kitchen,71.33,507
108,External SSD,Electronics,37.16,508
109,Computer Speakers,Electronics,55.02,509
110,Gaming Keyboard,Electronics,9.53,510
111,Gaming Mouse Pad,Accessories,169.20,511
112,Rice Cooker,Home & Kitchen,78.53,512
113,Phone Grip,Accessories,187.26,513
114,Toaster Oven,Home & Kitchen,720.98,514
115,Laptop Stand,Accessories,756.85,515
116,Mechanical Keyboard,Electronics,212.51,516
117,Food Processor,Home & Kitchen,717.92,517
118,Monitor Stand,Furniture,92.46,518
119,Laptop Sleeve,Accessories,482.86,519
120,Wireless Mouse,Electronics,549.23,520
121,Power Strip,Electronics,432.32,521
122,Microphone,Electronics,338.97,522
123,Bookshelf,Furniture,634.27,523
124,Portable Charger,Accessories,705.93,524
125,Bluetooth Headphones,Electronics,785.10,525
126,Noise Cancelling Headset,Electronics,917.21,526
127,Smart Watch,Electronics,125.24,527
128,Cable Organizer,Accessories,660.55,528
129,Storage Containers,Home & Kitchen,749.80,529
130,Kitchen Blender,Home & Kitchen,147.44,530
131,Wall Clock,Home & Kitchen,710.47,531
132,Storage Shelf,Furniture,515.57,532
133,WiFi Router,Electronics,751.90,533
134,Air Purifier,Home & Kitchen,495.60,534
135,Smartphone Case,Accessories,680.57,535
136,Standing Desk,Furniture,313.50,536
137,Throw Pillows,Home & Kitchen,670.17,537
138,Wireless Charger,Electronics,889.87,538
139,Wireless Presenter,Electronics,325.14,539
140,USB-C Hub,Electronics,70.68,540
141,Wireless Earbuds,Electronics,956.18,541
142,Electric Kettle,Home & Kitchen,838.07,542
143,Desk Organizer,Accessories,463.25,543
144,Screen Protector,Accessories,693.15,544
145,Desk Lamp,Home & Kitchen,396.51,545
146,4K Monitor,Electronics,888.70,546
147,Water Bottle,Home & Kitchen,114.10,547
148,File Cabinet,Furniture,777.45,548
149,Webcam HD,Electronics,652.22,549
150,Keyboard Wrist Rest,Accessories,217.14,550
151,Office Chair,Furniture,400.26,551
152,Coffee Maker,Home & Kitchen,1.25,552
153,Document Scanner,Electronics,971.63,553
154,Desk Mat,Accessories,713.39,554
155,Tablet Stand,Accessories,88.11,555
156,Drawer Unit,Furniture,292.22,556
157,Bath Towels,Home & Kitchen,638.45,557
158,External SSD,Electronics,757.32,558
159,Computer Speakers,Electronics,633.82,559
160,Gaming Keyboard,Electronics,536.91,560
161,Gaming Mouse Pad,Accessories,476.79,561
162,Rice Cooker,Home & Kitchen,141.76,562
163,Phone Grip,Accessories,813.86,563
164,Toaster Oven,Home & Kitchen,770.31,564
165,Laptop Stand,Accessories,739.58,565
166,Mechanical Keyboard,Electronics,741.41,566
167,Food Processor,Home & Kitchen,535.07,567
168,Monitor Stand,Furniture,891.25,568
169,Laptop Sleeve,Accessories,343.65,569
170,Wireless Mouse,Electronics,290.93,570
171,Power Strip,Electronics,132.95,571
172,Microphone,Electronics,750.34,572
173,Bookshelf,Furniture,903.96,573
174,Portable Charger,Accessories,101.30,574
175,Bluetooth Headphones,Electronics,254.73,575
176,Noise Cancelling Headset,Electronics,534.78,576
177,Smart Watch,Electronics,881.44,577
178,Cable Organizer,Accessories,921.76,578
179,Storage Containers,Home & Kitchen,618.01,579
180,Kitchen Blender,Home & Kitchen,592.80,580
181,Wall Clock,Home & Kitchen,792.26,581
182,Storage Shelf,Furniture,770.46,582
183,WiFi Router,Electronics,503.88,583
184,Air Purifier,Home & Kitchen,551.88,584
185,Smartphone Case,Accessories,134.04,585
186,Standing Desk,Furniture,337.10,586
187,Throw Pillows,Home & Kitchen,112.02,587
188,Wireless Charger,Electronics,116.99,588
189,Wireless Presenter,Electronics,281.92,589
190,USB-C Hub,Electronics,151.66,590
191,Wireless Earbuds,Electronics,850.85,591
192,Electric Kettle,Home & Kitchen,216.51,592
193,Desk Organizer,Accessories,459.72,593
194,Screen Protector,Accessories,575.04,594
195,Desk Lamp,Home & Kitchen,807.09,595
196,4K Monitor,Electronics,187.11,596
197,Water Bottle,Home & Kitchen,80.33,597
198,File Cabinet,Furniture,560.40,598
199,Webcam HD,Electronics,809.75,599
200,Keyboard Wrist Rest,Accessories,153.88,600
201,Office Chair,Furniture,327.92,501
202,Coffee Maker,Home & Kitchen,211.92,502
203,Document Scanner,Electronics,877.27,503
204,Desk Mat,Accessories,923.37,504
205,Tablet Stand,Accessories,331.01,505
206,Drawer Unit,Furniture,670.50,506
207,Bath Towels,Home & Kitchen,241.36,507
208,External SSD,Electronics,419.98,508
209,Computer Speakers,Electronics,955.80,509
210,Gaming Keyboard,Electronics,822.10,510
211,Gaming Mouse Pad,Accessories,871.02,511
212,Rice Cooker,Home & Kitchen,667.50,512
213,Phone Grip,Accessories,128.26,513
214,Toaster Oven,Home & Kitchen,322.10,514
215,Laptop Stand,Accessories,393.00,515
216,Mechanical Keyboard,Electronics,908.76,516
217,Food Processor,Home & Kitchen,252.67,517
218,Monitor Stand,Furniture,438.79,518
219,Laptop Sleeve,Accessories,477.95,519
220,Wireless Mouse,Electronics,26.50,520
221,Power Strip,Electronics,657.51,521
222,Microphone,Electronics,668.94,522
223,Bookshelf,Furniture,640.44,523
224,Portable Charger,Accessories,316.48,524
225,Bluetooth Headphones,Electronics,137.03,525
226,Noise Cancelling Headset,Electronics,828.05,526
227,Smart Watch,Electronics,583.51,527
228,Cable Organizer,Accessories,225.41,528
229,Storage Containers,Home & Kitchen,467.45,529
230,Kitchen Blender,Home & Kitchen,300.28,530
231,Wall Clock,Home & Kitchen,62.02,531
232,Storage Shelf,Furniture,875.67,532
233,WiFi Router,Electronics,767.58,533
234,Air Purifier,Home & Kitchen,85.84,534
235,Smartphone Case,Accessories,782.25,535
236,Standing Desk,Furniture,82.48,536
237,Throw Pillows,Home & Kitchen,322.78,537
238,Wireless Charger,Electronics,61.99,538
239,Wireless Presenter,Electronics,770.36,539
240,USB-C Hub,Electronics,20.82,540
241,Wireless Earbuds,Electronics,245.00,541
242,Electric Kettle,Home & Kitchen,957.07,542
243,Desk Organizer,Accessories,634.60,543
244,Screen Protector,Accessories,722.31,544
245,Desk Lamp,Home & Kitchen,176.96,545
246,4K Monitor,Electronics,80.42,546
247,Water Bottle,Home & Kitchen,165.03,547
248,File Cabinet,Furniture,725.39,548
249,Webcam HD,Electronics,927.28,549
250,Keyboard Wrist Rest,Accessories,491.82,550
251,Office Chair,Furniture,597.35,551
252,Coffee Maker,Home & Kitchen,269.53,552
253,Document Scanner,Electronics,323.45,553
254,Desk Mat,Accessories,502.90,554
255,Tablet Stand,Accessories,594.05,555
256,Drawer Unit,Furniture,934.33,556
257,Bath Towels,Home & Kitchen,922.32,557
258,External SSD,Electronics,280.14,558
259,Computer Speakers,Electronics,346.63,559
260,Gaming Keyboard,Electronics,242.23,560
261,Gaming Mouse Pad,Accessories,761.69,561
262,Rice Cooker,Home & Kitchen,949.91,562
263,Phone Grip,Accessories,834.83,563
264,Toaster Oven,Home & Kitchen,910.88,564
265,Laptop Stand,Accessories,619.75,565
266,Mechanical Keyboard,Electronics,312.07,566
267,Food Processor,Home & Kitchen,961.50,567
268,Monitor Stand,Furniture,845.57,568
269,Laptop Sleeve,Accessories,542.17,569
270,Wireless Mouse,Electronics,162.78,570
271,Power Strip,Electronics,369.14,571
272,Microphone,Electronics,963.83,572
273,Bookshelf,Furniture,892.45,573
274,Portable Charger,Accessories,526.69,574
275,Bluetooth Headphones,Electronics,925.92,575
276,Noise Cancelling Headset,Electronics,198.38,576
277,Smart Watch,Electronics,9.85,577
278,Cable Organizer,Accessories,956.57,578
279,Storage Containers,Home & Kitchen,654.23,579
280,Kitchen Blender,Home & Kitchen,800.98,580
281,Wall Clock,Home & Kitchen,400.97,581
282,Storage Shelf,Furniture,341.72,582
283,WiFi Router,Electronics,476.05,583
284,Air Purifier,Home & Kitchen,183.87,584
285,Smartphone Case,Accessories,620.59,585
286,Standing Desk,Furniture,450.56,586
287,Throw Pillows,Home & Kitchen,805.66,587
288,Wireless Charger,Electronics,672.99,588
289,Wireless Presenter,Electronics,175.20,589
290,USB-C Hub,Electronics,877.47,590
291,Wireless Earbuds,Electronics,12.64,591
292,Electric Kettle,Home & Kitchen,866.11,592
293,Desk Organizer,Accessories,160.78,593
294,Screen Protector,Accessories,648.22,594
295,Desk Lamp,Home & Kitchen,191.50,595
296,4K Monitor,Electronics,590.90,596
297,Water Bottle,Home & Kitchen,629.95,597
298,File Cabinet,Furniture,246.76,598
299,Webcam HD,Electronics,589.03,599
300,Keyboard Wrist Rest,Accessories,23.61,600
301,Office Chair,Furniture,123.12,501
302,Coffee Maker,Home & Kitchen,160.82,502
303,Document Scanner,Electronics,378.57,503
304,Desk Mat,Accessories,938.00,504
305,Tablet Stand,Accessories,164.58,505
306,Drawer Unit,Furniture,90.45,506
307,Bath Towels,Home & Kitchen,921.56,507
308,External SSD,Electronics,676.62,508
309,Computer Speakers,Electronics,864.90,509
310,Gaming Keyboard,Electronics,434.43,510
311,Gaming Mouse Pad,Accessories,717.60,511
312,Rice Cooker,Home & Kitchen,632.17,512
313,Phone Grip,Accessories,855.71,513
314,Toaster Oven,Home & Kitchen,844.30,514
315,Laptop Stand,Accessories,204.56,515
316,Mechanical Keyboard,Electronics,461.62,516
317,Food Processor,Home & Kitchen,752.78,517
318,Monitor Stand,Furniture,271.12,518
319,Laptop Sleeve,Accessories,611.11,519
320,Wireless Mouse,Electronics,946.27,520
321,Power Strip,Electronics,986.87,521
322,Microphone,Electronics,427.01,522
323,Bookshelf,Furniture,684.64,523
324,Portable Charger,Accessories,24.13,524
325,Bluetooth Headphones,Electronics,90.60,525
326,Noise Cancelling Headset,Electronics,797.75,526
327,Smart Watch,Electronics,239.40,527
328,Cable Organizer,Accessories,808.33,528
329,Storage Containers,Home & Kitchen,974.91,529
330,Kitchen Blender,Home & Kitchen,16.90,530
331,Wall Clock,Home & Kitchen,395.33,531
332,Storage Shelf,Furniture,903.09,532
333,WiFi Router,Electronics,4.59,533
334,Air Purifier,Home & Kitchen,489.20,534
335,Smartphone Case,Accessories,415.23,535
336,Standing Desk,Furniture,962.93,536
337,Throw Pillows,Home & Kitchen,258.40,537
338,Wireless Charger,Electronics,174.19,538
339,Wireless Presenter,Electronics,242.33,539
340,USB-C Hub,Electronics,178.52,540
341,Wireless Earbuds,Electronics,267.48,541
342,Electric Kettle,Home & Kitchen,162.87,542
343,Desk Organizer,Accessories,361.47,543
344,Screen Protector,Accessories,873.14,544
345,Desk Lamp,Home & Kitchen,571.79,545
346,4K Monitor,Electronics,49.16,546
347,Water Bottle,Home & Kitchen,697.57,547
348,File Cabinet,Furniture,909.15,548
349,Webcam HD,Electronics,768.97,549
350,Keyboard Wrist Rest,Accessories,126.55,550
351,Office Chair,Furniture,131.99,551
352,Coffee Maker,Home & Kitchen,610.68,552
353,Document Scanner,Electronics,652.38,553
354,Desk Mat,Accessories,928.81,554
355,Tablet Stand,Accessories,989.41,555
356,Drawer Unit,Furniture,872.48,556
357,Bath Towels,Home & Kitchen,83.35,557
358,External SSD,Electronics,606.53,558
359,Computer Speakers,Electronics,796.95,559
360,Gaming Keyboard,Electronics,589.60,560
361,Gaming Mouse Pad,Accessories,58.43,561
362,Rice Cooker,Home & Kitchen,817.29,562
363,Phone Grip,Accessories,62.41,563
364,Toaster Oven,Home & Kitchen,517.59,564
365,Laptop Stand,Accessories,606.53,565
366,Mechanical Keyboard,Electronics,136.29,566
367,Food Processor,Home & Kitchen,911.20,567
368,Monitor Stand,Furniture,334.91,568
369,Laptop Sleeve,Accessories,887.46,569
370,Wireless Mouse,Electronics,384.95,570
371,Power Strip,Electronics,162.35,571
372,Microphone,Electronics,737.62,572
373,Bookshelf,Furniture,191.37,573
374,Portable Charger,Accessories,679.83,574
375,Bluetooth Headphones,Electronics,490.32,575
376,Noise Cancelling Headset,Electronics,242.49,576
377,Smart Watch,Electronics,474.20,577
378,Cable Organizer,Accessories,964.87,578
379,Storage Containers,Home & Kitchen,7.03,579
380,Kitchen Blender,Home & Kitchen,932.78,580
381,Wall Clock,Home & Kitchen,552.57,581
382,Storage Shelf,Furniture,504.93,582
383,WiFi Router,Electronics,122.74,583
384,Air Purifier,Home & Kitchen,631.97,584
385,Smartphone Case,Accessories,122.50,585
386,Standing Desk,Furniture,211.98,586
387,Throw Pillows,Home & Kitchen,535.97,587
388,Wireless Charger,Electronics,713.28,588
389,Wireless Presenter,Electronics,834.15,589
390,USB-C Hub,Electronics,995.61,590
391,Wireless Earbuds,Electronics,766.73,591
392,Electric Kettle,Home & Kitchen,968.11,592
393,Desk Organizer,Accessories,938.52,593
394,Screen Protector,Accessories,933.36,594
395,Desk Lamp,Home & Kitchen,274.64,595
396,4K Monitor,Electronics,505.38,596
397,Water Bottle,Home & Kitchen,353.42,597
398,File Cabinet,Furniture,658.44,598
399,Webcam HD,Electronics,313.83,599
400,Keyboard Wrist Rest,Accessories,369.05,600
401,Office Chair,Furniture,136.32,501
402,Coffee Maker,Home & Kitchen,204.98,502
403,Document Scanner,Electronics,293.65,503
404,Desk Mat,Accessories,711.17,504
405,Tablet Stand,Accessories,450.82,505
406,Drawer Unit,Furniture,934.43,506
407,Bath Towels,Home & Kitchen,863.47,507
408,External SSD,Electronics,453.95,508
409,Computer Speakers,Electronics,891.41,509
410,Gaming Keyboard,Electronics,186.58,510
411,Gaming Mouse Pad,Accessories,607.61,511
412,Rice Cooker,Home & Kitchen,512.25,512
413,Phone Grip,Accessories,348.25,513
414,Toaster Oven,Home & Kitchen,954.56,514
415,Laptop Stand,Accessories,368.41,515
416,Mechanical Keyboard,Electronics,545.62,516
417,Food Processor,Home & Kitchen,284.87,517
418,Monitor Stand,Furniture,296.74,518
419,Laptop Sleeve,Accessories,347.51,519
420,Wireless Mouse,Electronics,560.83,520
421,Power Strip,Electronics,90.29,521
422,Microphone,Electronics,910.45,522
423,Bookshelf,Furniture,10.76,523
424,Portable Charger,Accessories,697.19,524
425,Bluetooth Headphones,Electronics,960.56,525
426,Noise Cancelling Headset,Electronics,853.93,526
427,Smart Watch,Electronics,283.49,527
428,Cable Organizer,Accessories,986.51,528
429,Storage Containers,Home & Kitchen,202.78,529
430,Kitchen Blender,Home & Kitchen,658.78,530
431,Wall Clock,Home & Kitchen,387.14,531
432,Storage Shelf,Furniture,18.81,532
433,WiFi Router,Electronics,330.84,533
434,Air Purifier,Home & Kitchen,327.19,534
435,Smartphone Case,Accessories,596.53,535
436,Standing Desk,Furniture,659.28,536
437,Throw Pillows,Home & Kitchen,22.91,537
438,Wireless Charger,Electronics,643.24,538
439,Wireless Presenter,Electronics,186.78,539
440,USB-C Hub,Electronics,5.73,540
441,Wireless Earbuds,Electronics,279.18,541
442,Electric Kettle,Home & Kitchen,126.99,542
443,Desk Organizer,Accessories,359.57,543
444,Screen Protector,Accessories,991.03,544
445,Desk Lamp,Home & Kitchen,476.57,545
446,4K Monitor,Electronics,290.25,546
447,Water Bottle,Home & Kitchen,633.06,547
448,File Cabinet,Furniture,862.17,548
449,Webcam HD,Electronics,9.24,549
450,Keyboard Wrist Rest,Accessories,723.04,550
451,Office Chair,Furniture,179.05,551
452,Coffee Maker,Home & Kitchen,873.67,552
453,Document Scanner,Electronics,355.12,553
454,Desk Mat,Accessories,341.04,554
455,Tablet Stand,Accessories,392.06,555
456,Drawer Unit,Furniture,970.41,556
457,Bath Towels,Home & Kitchen,265.08,557
458,External SSD,Electronics,178.04,558
459,Computer Speakers,Electronics,969.89,559
460,Gaming Keyboard,Electronics,345.87,560
461,Gaming Mouse Pad,Accessories,727.72,561
462,Rice Cooker,Home & Kitchen,458.77,562
463,Phone Grip,Accessories,109.49,563
464,Toaster Oven,Home & Kitchen,576.90,564
465,Laptop Stand,Accessories,827.35,565
466,Mechanical Keyboard,Electronics,206.79,566
467,Food Processor,Home & Kitchen,202.70,567
468,Monitor Stand,Furniture,968.69,568
469,Laptop Sleeve,Accessories,554.74,569
470,Wireless Mouse,Electronics,89.99,570
471,Power Strip,Electronics,695.03,571
472,Microphone,Electronics,568.49,572
473,Bookshelf,Furniture,380.70,573
474,Portable Charger,Accessories,923.76,574
475,Bluetooth Headphones,Electronics,345.21,575
476,Noise Cancelling Headset,Electronics,430.69,576
477,Smart Watch,Electronics,998.47,577
478,Cable Organizer,Accessories,277.35,578
479,Storage Containers,Home & Kitchen,856.93,579
480,Kitchen Blender,Home & Kitchen,330.42,580
481,Wall Clock,Home & Kitchen,158.41,581
482,Storage Shelf,Furniture,88.23,582
483,WiFi Router,Electronics,910.23,583
484,Air Purifier,Home & Kitchen,187.42,584
485,Smartphone Case,Accessories,149.30,585
486,Standing Desk,Furniture,449.74,586
487,Throw Pillows,Home & Kitchen,540.88,587
488,Wireless Charger,Electronics,724.27,588
489,Wireless Presenter,Electronics,586.15,589
490,USB-C Hub,Electronics,658.37,590
491,Wireless Earbuds,Electronics,514.91,591
492,Electric Kettle,Home & Kitchen,117.74,592
493,Desk Organizer,Accessories,76.11,593
494,Screen Protector,Accessories,695.24,594
495,Desk Lamp,Home & Kitchen,768.87,595
496,4K Monitor,Electronics,671.47,596
497,Water Bottle,Home & Kitchen,859.55,597
498,File Cabinet,Furniture,135.50,598
499,Webcam HD,Electronics,746.48,599
500,Keyboard Wrist Rest,Accessories,468.54,600
501,Office Chair,Furniture,468.53,501
502,Coffee Maker,Home & Kitchen,333.71,502
503,Document Scanner,Electronics,602.30,503
504,Desk Mat,Accessories,916.61,504
505,Tablet Stand,Accessories,929.66,505
506,Drawer Unit,Furniture,735.88,506
507,Bath Towels,Home & Kitchen,352.06,507
508,External SSD,Electronics,439.15,508
509,Computer Speakers,Electronics,852.20,509
510,Gaming Keyboard,Electronics,222.93,510
511,Gaming Mouse Pad,Accessories,294.11,511
512,Rice Cooker,Home & Kitchen,426.27,512
513,Phone Grip,Accessories,634.14,513
514,Toaster Oven,Home & Kitchen,808.53,514
515,Laptop Stand,Accessories,137.58,515
516,Mechanical Keyboard,Electronics,40.03,516
517,Food Processor,Home & Kitchen,145.21,517
518,Monitor Stand,Furniture,197.58,518
519,Laptop Sleeve,Accessories,994.32,519
520,Wireless Mouse,Electronics,431.12,520
521,Power Strip,Electronics,135.86,521
522,Microphone,Electronics,406.07,522
523,Bookshelf,Furniture,46.45,523
524,Portable Charger,Accessories,578.01,524
525,Bluetooth Headphones,Electronics,785.90,525
526,Noise Cancelling Headset,Electronics,182.82,526
527,Smart Watch,Electronics,623.54,527
528,Cable Organizer,Accessories,602.50,528
529,Storage Containers,Home & Kitchen,289.53,529
530,Kitchen Blender,Home & Kitchen,822.34,530
531,Wall Clock,Home & Kitchen,804.74,531
532,Storage Shelf,Furniture,456.19,532
533,WiFi Router,Electronics,105.19,533
534,Air Purifier,Home & Kitchen,840.99,534
535,Smartphone Case,Accessories,769.23,535
536,Standing Desk,Furniture,384.21,536
537,Throw Pillows,Home & Kitchen,891.20,537
538,Wireless Charger,Electronics,956.06,538
539,Wireless Presenter,Electronics,24.19,539
540,USB-C Hub,Electronics,700.37,540
541,Wireless Earbuds,Electronics,154.05,541
542,Electric Kettle,Home & Kitchen,45.12,542
543,Desk Organizer,Accessories,708.65,543
544,Screen Protector,Accessories,132.83,544
545,Desk Lamp,Home & Kitchen,171.11,545
546,4K Monitor,Electronics,532.71,546
547,Water Bottle,Home & Kitchen,359.61,547
548,File Cabinet,Furniture,35.28,548
549,Webcam HD,Electronics,636.16,549
550,Keyboard Wrist Rest,Accessories,493.65,550
551,Office Chair,Furniture,972.42,551
552,Coffee Maker,Home & Kitchen,661.50,552
553,Document Scanner,Electronics,225.57,553
554,Desk Mat,Accessories,256.21,554
555,Tablet Stand,Accessories,652.44,555
556,Drawer Unit,Furniture,928.96,556
557,Bath Towels,Home & Kitchen,113.44,557
558,External SSD,Electronics,189.47,558
559,Computer Speakers,Electronics,601.00,559
560,Gaming Keyboard,Electronics,821.67,560
561,Gaming Mouse Pad,Accessories,827.26,561
562,Rice Cooker,Home & Kitchen,972.16,562
563,Phone Grip,Accessories,845.65,563
564,Toaster Oven,Home & Kitchen,392.09,564
565,Laptop Stand,Accessories,56.32,565
566,Mechanical Keyboard,Electronics,696.52,566
567,Food Processor,Home & Kitchen,663.72,567
568,Monitor Stand,Furniture,592.72,568
569,Laptop Sleeve,Accessories,660.88,569
570,Wireless Mouse,Electronics,738.60,570
571,Power Strip,Electronics,734.89,571
572,Microphone,Electronics,466.02,572
573,Bookshelf,Furniture,928.48,573
574,Portable Charger,Accessories,955.43,574
575,Bluetooth Headphones,Electronics,812.69,575
576,Noise Cancelling Headset,Electronics,462.87,576
577,Smart Watch,Electronics,157.29,577
578,Cable Organizer,Accessories,6.25,578
579,Storage Containers,Home & Kitchen,928.65,579
580,Kitchen Blender,Home & Kitchen,761.41,580
581,Wall Clock,Home & Kitchen,690.64,581
582,Storage Shelf,Furniture,61.12,582
583,WiFi Router,Electronics,77.77,583
584,Air Purifier,Home & Kitchen,391.87,584
585,Smartphone Case,Accessories,717.16,585
586,Standing Desk,Furniture,638.98,586
587,Throw Pillows,Home & Kitchen,68.34,587
588,Wireless Charger,Electronics,627.95,588
589,Wireless Presenter,Electronics,108.21,589
590,USB-C Hub,Electronics,477.37,590
591,Wireless Earbuds,Electronics,595.00,591
592,Electric Kettle,Home & Kitchen,300.03,592
593,Desk Organizer,Accessories,276.04,593
594,Screen Protector,Accessories,878.54,594
595,Desk Lamp,Home & Kitchen,556.46,595
596,4K Monitor,Electronics,377.25,596
597,Water Bottle,Home & Kitchen,550.65,597
598,File Cabinet,Furniture,388.20,598
599,Webcam HD,Electronics,613.17,599
600,Keyboard Wrist Rest,Accessories,859.22,600
601,Office Chair,Furniture,266.88,501
602,Coffee Maker,Home & Kitchen,187.49,502
603,Document Scanner,Electronics,213.22,503
604,Desk Mat,Accessories,769.10,504
605,Tablet Stand,Accessories,379.32,505
606,Drawer Unit,Furniture,451.58,506
607,Bath Towels,Home & Kitchen,461.60,507
608,External SSD,Electronics,661.12,508
609,Computer Speakers,Electronics,457.84,509
610,Gaming Keyboard,Electronics,525.35,510
611,Gaming Mouse Pad,Accessories,47.42,511
612,Rice Cooker,Home & Kitchen,113.93,512
613,Phone Grip,Accessories,189.01,513
614,Toaster Oven,Home & Kitchen,983.86,514
615,Laptop Stand,Accessories,179.19,515
616,Mechanical Keyboard,Electronics,323.94,516
617,Food Processor,Home & Kitchen,628.23,517
618,Monitor Stand,Furniture,695.11,518
619,Laptop Sleeve,Accessories,212.23,519
620,Wireless Mouse,Electronics,989.63,520
621,Power Strip,Electronics,780.50,521
622,Microphone,Electronics,147.05,522
623,Bookshelf,Furniture,661.53,523
624,Portable Charger,Accessories,8.57,524
625,Bluetooth Headphones,Electronics,457.98,525
626,Noise Cancelling Headset,Electronics,197.13,526
627,Smart Watch,Electronics,910.75,527
628,Cable Organizer,Accessories,578.01,528
629,Storage Containers,Home & Kitchen,731.75,529
630,Kitchen Blender,Home & Kitchen,828.03,530
631,Wall Clock,Home & Kitchen,821.44,531
632,Storage Shelf,Furniture,826.55,532
633,WiFi Router,Electronics,232.49,533
634,Air Purifier,Home & Kitchen,738.34,534
635,Smartphone Case,Accessories,265.05,535
636,Standing Desk,Furniture,178.87,536
637,Throw Pillows,Home & Kitchen,997.33,537
638,Wireless Charger,Electronics,657.05,538
639,Wireless Presenter,Electronics,432.07,539
640,USB-C Hub,Electronics,634.32,540
641,Wireless Earbuds,Electronics,337.94,541
642,Electric Kettle,Home & Kitchen,824.43,542
643,Desk Organizer,Accessories,823.99,543
644,Screen Protector,Accessories,372.06,544
645,Desk Lamp,Home & Kitchen,893.24,545
646,4K Monitor,Electronics,128.90,546
647,Water Bottle,Home & Kitchen,292.15,547
648,File Cabinet,Furniture,951.43,548
649,Webcam HD,Electronics,612.05,549
650,Keyboard Wrist Rest,Accessories,583.16,550
651,Office Chair,Furniture,593.76,551
652,Coffee Maker,Home & Kitchen,196.89,552
653,Document Scanner,Electronics,340.41,553
654,Desk Mat,Accessories,466.20,554
655,Tablet Stand,Accessories,987.21,555
656,Drawer Unit,Furniture,762.16,556
657,Bath Towels,Home & Kitchen,623.66,557
658,External SSD,Electronics,524.39,558
659,Computer Speakers,Electronics,70.66,559
660,Gaming Keyboard,Electronics,819.44,560
661,Gaming Mouse Pad,Accessories,884.66,561
662,Rice Cooker,Home & Kitchen,811.98,562
663,Phone Grip,Accessories,588.31,563
664,Toaster Oven,Home & Kitchen,767.97,564
665,Laptop Stand,Accessories,161.58,565
666,Mechanical Keyboard,Electronics,230.01,566
667,Food Processor,Home & Kitchen,29.14,567
668,Monitor Stand,Furniture,200.20,568
669,Laptop Sleeve,Accessories,899.00,569
670,Wireless Mouse,Electronics,557.61,570
671,Power Strip,Electronics,915.59,571
672,Microphone,Electronics,294.05,572
673,Bookshelf,Furniture,486.12,573
674,Portable Charger,Accessories,69.87,574
675,Bluetooth Headphones,Electronics,457.65,575
676,Noise Cancelling Headset,Electronics,227.45,576
677,Smart Watch,Electronics,167.70,577
678,Cable Organizer,Accessories,736.66,578
679,Storage Containers,Home & Kitchen,869.17,579
680,Kitchen Blender,Home & Kitchen,75.70,580
681,Wall Clock,Home & Kitchen,389.16,581
682,Storage Shelf,Furniture,795.33,582
683,WiFi Router,Electronics,178.09,583
684,Air Purifier,Home & Kitchen,602.90,584
685,Smartphone Case,Accessories,254.38,585
686,Standing Desk,Furniture,798.10,586
687,Throw Pillows,Home & Kitchen,254.62,587
688,Wireless Charger,Electronics,976.37,588
689,Wireless Presenter,Electronics,132.94,589
690,USB-C Hub,Electronics,698.13,590
691,Wireless Earbuds,Electronics,396.62,591
692,Electric Kettle,Home & Kitchen,670.70,592
693,Desk Organizer,Accessories,930.02,593
694,Screen Protector,Accessories,730.37,594
695,Desk Lamp,Home & Kitchen,46.74,595
696,4K Monitor,Electronics,469.39,596
697,Water Bottle,Home & Kitchen,964.02,597
698,File Cabinet,Furniture,502.33,598
699,Webcam HD,Electronics,938.94,599
700,Keyboard Wrist Rest,Accessories,439.17,600
701,Office Chair,Furniture,503.86,501
702,Coffee Maker,Home & Kitchen,544.24,502
703,Document Scanner,Electronics,637.22,503
704,Desk Mat,Accessories,627.21,504
705,Tablet Stand,Accessories,522.34,505
706,Drawer Unit,Furniture,38.32,506
707,Bath Towels,Home & Kitchen,388.55,507
708,External SSD,Electronics,49.07,508
709,Computer Speakers,Electronics,41.44,509
710,Gaming Keyboard,Electronics,635.91,510
711,Gaming Mouse Pad,Accessories,178.54,511
712,Rice Cooker,Home & Kitchen,621.37,512
713,Phone Grip,Accessories,336.95,513
714,Toaster Oven,Home & Kitchen,434.47,514
715,Laptop Stand,Accessories,678.63,515
716,Mechanical Keyboard,Electronics,980.89,516
717,Food Processor,Home & Kitchen,458.18,517
718,Monitor Stand,Furniture,54.43,518
719,Laptop Sleeve,Accessories,348.21,519
720,Wireless Mouse,Electronics,538.02,520
721,Power Strip,Electronics,734.38,521
722,Microphone,Electronics,777.50,522
723,Bookshelf,Furniture,529.78,523
724,Portable Charger,Accessories,646.45,524
725,Bluetooth Headphones,Electronics,722.25,525
726,Noise Cancelling Headset,Electronics,657.60,526
727,Smart Watch,Electronics,166.62,527
728,Cable Organizer,Accessories,197.66,528
729,Storage Containers,Home & Kitchen,421.65,529
730,Kitchen Blender,Home & Kitchen,289.20,530
731,Wall Clock,Home & Kitchen,920.07,531
732,Storage Shelf,Furniture,677.91,532
733,WiFi Router,Electronics,430.83,533
734,Air Purifier,Home & Kitchen,677.76,534
735,Smartphone Case,Accessories,361.74,535
736,Standing Desk,Furniture,581.83,536
737,Throw Pillows,Home & Kitchen,34.93,537
738,Wireless Charger,Electronics,738.11,538
739,Wireless Presenter,Electronics,763.99,539
740,USB-C Hub,Electronics,150.23,540
741,Wireless Earbuds,Electronics,921.51,541
742,Electric Kettle,Home & Kitchen,642.70,542
743,Desk Organizer,Accessories,959.52,543
744,Screen Protector,Accessories,621.58,544
745,Desk Lamp,Home & Kitchen,235.65,545
746,4K Monitor,Electronics,128.89,546
747,Water Bottle,Home & Kitchen,911.73,547
748,File Cabinet,Furniture,375.53,548
749,Webcam HD,Electronics,584.97,549
750,Keyboard Wrist Rest,Accessories,207.25,550
751,Office Chair,Furniture,57.04,551
752,Coffee Maker,Home & Kitchen,213.16,552
753,Document Scanner,Electronics,619.32,553
754,Desk Mat,Accessories,257.22,554
755,Tablet Stand,Accessories,800.29,555
756,Drawer Unit,Furniture,170.95,556
757,Bath Towels,Home & Kitchen,520.39,557
758,External SSD,Electronics,540.82,558
759,Computer Speakers,Electronics,444.80,559
760,Gaming Keyboard,Electronics,943.88,560
761,Gaming Mouse Pad,Accessories,795.76,561
762,Rice Cooker,Home & Kitchen,518.30,562
763,Phone Grip,Accessories,680.24,563
764,Toaster Oven,Home & Kitchen,196.96,564
765,Laptop Stand,Accessories,244.39,565
766,Mechanical Keyboard,Electronics,870.32,566
767,Food Processor,Home & Kitchen,989.80,567
768,Monitor Stand,Furniture,72.24,568
769,Laptop Sleeve,Accessories,974.57,569
770,Wireless Mouse,Electronics,710.16,570
771,Power Strip,Electronics,26.09,571
772,Microphone,Electronics,973.43,572
773,Bookshelf,Furniture,807.40,573
774,Portable Charger,Accessories,943.17,574
775,Bluetooth Headphones,Electronics,726.35,575
776,Noise Cancelling Headset,Electronics,41.14,576
777,Smart Watch,Electronics,770.32,577
778,Cable Organizer,Accessories,57.08,578
779,Storage Containers,Home & Kitchen,819.80,579
780,Kitchen Blender,Home & Kitchen,337.21,580
781,Wall Clock,Home & Kitchen,842.04,581
782,Storage Shelf,Furniture,819.02,582
783,WiFi Router,Electronics,513.82,583
784,Air Purifier,Home & Kitchen,884.57,584
785,Smartphone Case,Accessories,583.08,585
786,Standing Desk,Furniture,507.25,586
787,Throw Pillows,Home & Kitchen,843.88,587
788,Wireless Charger,Electronics,483.19,588
789,Wireless Presenter,Electronics,477.53,589
790,USB-C Hub,Electronics,861.45,590
791,Wireless Earbuds,Electronics,73.21,591
792,Electric Kettle,Home & Kitchen,128.08,592
793,Desk Organizer,Accessories,333.02,593
794,Screen Protector,Accessories,532.33,594
795,Desk Lamp,Home & Kitchen,318.84,595
796,4K Monitor,Electronics,972.63,596
797,Water Bottle,Home & Kitchen,749.98,597
798,File Cabinet,Furniture,126.71,598
799,Webcam HD,Electronics,555.36,599
800,Keyboard Wrist Rest,Accessories,972.81,600
801,Office Chair,Furniture,415.25,501
802,Coffee Maker,Home & Kitchen,851.23,502
803,Document Scanner,Electronics,783.45,503
804,Desk Mat,Accessories,257.90,504
805,Tablet Stand,Accessories,857.44,505
806,Drawer Unit,Furniture,630.30,506
807,Bath Towels,Home & Kitchen,109.21,507
808,External SSD,Electronics,869.13,508
809,Computer Speakers,Electronics,675.30,509
810,Gaming Keyboard,Electronics,40.48,510
811,Gaming Mouse Pad,Accessories,642.56,511
812,Rice Cooker,Home & Kitchen,7.57,512
813,Phone Grip,Accessories,790.99,513
814,Toaster Oven,Home & Kitchen,548.16,514
815,Laptop Stand,Accessories,944.07,515
816,Mechanical Keyboard,Electronics,617.94,516
817,Food Processor,Home & Kitchen,922.37,517
818,Monitor Stand,Furniture,660.35,518
819,Laptop Sleeve,Accessories,883.31,519
820,Wireless Mouse,Electronics,965.16,520
821,Power Strip,Electronics,212.11,521
822,Microphone,Electronics,273.53,522
823,Bookshelf,Furniture,907.19,523
824,Portable Charger,Accessories,268.95,524
825,Bluetooth Headphones,Electronics,278.04,525
826,Noise Cancelling Headset,Electronics,862.96,526
827,Smart Watch,Electronics,764.34,527
828,Cable Organizer,Accessories,830.30,528
829,Storage Containers,Home & Kitchen,877.76,529
830,Kitchen Blender,Home & Kitchen,446.82,530
831,Wall Clock,Home & Kitchen,912.94,531
832,Storage Shelf,Furniture,779.33,532
833,WiFi Router,Electronics,692.90,533
834,Air Purifier,Home & Kitchen,916.90,534
835,Smartphone Case,Accessories,582.85,535
836,Standing Desk,Furniture,888.47,536
837,Throw Pillows,Home & Kitchen,281.99,537
838,Wireless Charger,Electronics,334.13,538
839,Wireless Presenter,Electronics,73.42,539
840,USB-C Hub,Electronics,645.79,540
841,Wireless Earbuds,Electronics,174.45,541
842,Electric Kettle,Home & Kitchen,461.99,542
843,Desk Organizer,Accessories,962.82,543
844,Screen Protector,Accessories,0.16,544
845,Desk Lamp,Home & Kitchen,870.86,545
846,4K Monitor,Electronics,834.65,546
847,Water Bottle,Home & Kitchen,389.90,547
848,File Cabinet,Furniture,106.73,548
849,Webcam HD,Electronics,219.06,549
850,Keyboard Wrist Rest,Accessories,374.12,550
851,Office Chair,Furniture,115.16,551
852,Coffee Maker,Home & Kitchen,71.63,552
853,Document Scanner,Electronics,503.79,553
854,Desk Mat,Accessories,450.46,554
855,Tablet Stand,Accessories,349.50,555
856,Drawer Unit,Furniture,783.16,556
857,Bath Towels,Home & Kitchen,299.69,557
858,External SSD,Electronics,337.10,558
859,Computer Speakers,Electronics,44.33,559
860,Gaming Keyboard,Electronics,1.11,560
861,Gaming Mouse Pad,Accessories,943.20,561
862,Rice Cooker,Home & Kitchen,365.71,562
863,Phone Grip,Accessories,248.46,563
864,Toaster Oven,Home & Kitchen,884.83,564
865,Laptop Stand,Accessories,655.51,565
866,Mechanical Keyboard,Electronics,275.98,566
867,Food Processor,Home & Kitchen,905.75,567
868,Monitor Stand,Furniture,876.14,568
869,Laptop Sleeve,Accessories,42.95,569
870,Wireless Mouse,Electronics,403.09,570
871,Power Strip,Electronics,538.26,571
872,Microphone,Electronics,376.48,572
873,Bookshelf,Furniture,975.52,573
874,Portable Charger,Accessories,278.86,574
875,Bluetooth Headphones,Electronics,476.77,575
876,Noise Cancelling Headset,Electronics,202.64,576
877,Smart Watch,Electronics,676.69,577
878,Cable Organizer,Accessories,711.97,578
879,Storage Containers,Home & Kitchen,269.61,579
880,Kitchen Blender,Home & Kitchen,250.16,580
881,Wall Clock,Home & Kitchen,353.79,581
882,Storage Shelf,Furniture,13.11,582
883,WiFi Router,Electronics,369.04,583
884,Air Purifier,Home & Kitchen,897.15,584
885,Smartphone Case,Accessories,34.25,585
886,Standing Desk,Furniture,268.69,586
887,Throw Pillows,Home & Kitchen,692.69,587
888,Wireless Charger,Electronics,568.18,588
889,Wireless Presenter,Electronics,872.91,589
890,USB-C Hub,Electronics,735.34,590
891,Wireless Earbuds,Electronics,426.24,591
892,Electric Kettle,Home & Kitchen,327.91,592
893,Desk Organizer,Accessories,369.20,593
894,Screen Protector,Accessories,141.33,594
895,Desk Lamp,Home & Kitchen,153.47,595
896,4K Monitor,Electronics,590.45,596
897,Water Bottle,Home & Kitchen,459.68,597
898,File Cabinet,Furniture,461.79,598
899,Webcam HD,Electronics,395.30,599
900,Keyboard Wrist Rest,Accessories,709.67,600
901,Office Chair,Furniture,625.80,501
902,Coffee Maker,Home & Kitchen,773.69,502
903,Document Scanner,Electronics,564.90,503
904,Desk Mat,Accessories,187.29,504
905,Tablet Stand,Accessories,51.91,505
906,Drawer Unit,Furniture,5.72,506
907,Bath Towels,Home & Kitchen,28.58,507
908,External SSD,Electronics,978.06,508
909,Computer Speakers,Electronics,309.12,509
910,Gaming Keyboard,Electronics,413.63,510
911,Gaming Mouse Pad,Accessories,36.92,511
912,Rice Cooker,Home & Kitchen,835.69,512
913,Phone Grip,Accessories,405.35,513
914,Toaster Oven,Home & Kitchen,963.53,514
915,Laptop Stand,Accessories,748.30,515
916,Mechanical Keyboard,Electronics,545.67,516
917,Food Processor,Home & Kitchen,147.23,517
918,Monitor Stand,Furniture,432.29,518
919,Laptop Sleeve,Accessories,270.97,519
920,Wireless Mouse,Electronics,768.30,520
921,Power Strip,Electronics,290.41,521
922,Microphone,Electronics,89.48,522
923,Bookshelf,Furniture,947.02,523
924,Portable Charger,Accessories,955.07,524
925,Bluetooth Headphones,Electronics,546.06,525
926,Noise Cancelling Headset,Electronics,852.33,526
927,Smart Watch,Electronics,615.63,527
928,Cable Organizer,Accessories,873.41,528
929,Storage Containers,Home & Kitchen,122.93,529
930,Kitchen Blender,Home & Kitchen,242.55,530
931,Wall Clock,Home & Kitchen,12.31,531
932,Storage Shelf,Furniture,537.14,532
933,WiFi Router,Electronics,274.55,533
934,Air Purifier,Home & Kitchen,997.18,534
935,Smartphone Case,Accessories,593.26,535
936,Standing Desk,Furniture,786.05,536
937,Throw Pillows,Home & Kitchen,108.59,537
938,Wireless Charger,Electronics,380.93,538
939,Wireless Presenter,Electronics,746.75,539
940,USB-C Hub,Electronics,950.82,540
941,Wireless Earbuds,Electronics,195.85,541
942,Electric Kettle,Home & Kitchen,705.39,542
943,Desk Organizer,Accessories,717.24,543
944,Screen Protector,Accessories,602.14,544
945,Desk Lamp,Home & Kitchen,931.22,545
946,4K Monitor,Electronics,252.94,546
947,Water Bottle,Home & Kitchen,782.17,547
948,File Cabinet,Furniture,767.29,548
949,Webcam HD,Electronics,456.91,549
950,Keyboard Wrist Rest,Accessories,43.83,550
951,Office Chair,Furniture,286.38,551
952,Coffee Maker,Home & Kitchen,868.59,552
953,Document Scanner,Electronics,168.99,553
954,Desk Mat,Accessories,969.94,554
955,Tablet Stand,Accessories,477.61,555
956,Drawer Unit,Furniture,554.38,556
957,Bath Towels,Home & Kitchen,236.89,557
958,External SSD,Electronics,725.55,558
959,Computer Speakers,Electronics,915.89,559
960,Gaming Keyboard,Electronics,794.71,560
961,Gaming Mouse Pad,Accessories,94.73,561
962,Rice Cooker,Home & Kitchen,954.97,562
963,Phone Grip,Accessories,290.96,563
964,Toaster Oven,Home & Kitchen,74.02,564
965,Laptop Stand,Accessories,5.65,565
966,Mechanical Keyboard,Electronics,978.09,566
967,Food Processor,Home & Kitchen,186.21,567
968,Monitor Stand,Furniture,999.59,568
969,Laptop Sleeve,Accessories,169.03,569
970,Wireless Mouse,Electronics,690.62,570
971,Power Strip,Electronics,695.29,571
972,Microphone,Electronics,996.76,572
973,Bookshelf,Furniture,92.73,573
974,Portable Charger,Accessories,41.68,574
975,Bluetooth Headphones,Electronics,43.54,575
976,Noise Cancelling Headset,Electronics,744.79,576
977,Smart Watch,Electronics,930.80,577
978,Cable Organizer,Accessories,965.57,578
979,Storage Containers,Home & Kitchen,801.92,579
980,Kitchen Blender,Home & Kitchen,100.12,580
981,Wall Clock,Home & Kitchen,931.48,581
982,Storage Shelf,Furniture,267.23,582
983,WiFi Router,Electronics,668.77,583
984,Air Purifier,Home & Kitchen,257.34,584
985,Smartphone Case,Accessories,242.47,585
986,Standing Desk,Furniture,521.17,586
987,Throw Pillows,Home & Kitchen,430.63,587
988,Wireless Charger,Electronics,780.76,588
989,Wireless Presenter,Electronics,120.05,589
990,USB-C Hub,Electronics,324.25,590
991,Wireless Earbuds,Electronics,724.95,591
992,Electric Kettle,Home & Kitchen,428.31,592
993,Desk Organizer,Accessories,213.96,593
994,Screen Protector,Accessories,982.95,594
995,Desk Lamp,Home & Kitchen,202.99,595
996,4K Monitor,Electronics,205.43,596
997,Water Bottle,Home & Kitchen,864.32,597
998,File Cabinet,Furniture,826.71,598
999,Webcam HD,Electronics,965.15,599
1000,Keyboard Wrist Rest,Accessories,81.88,600
1001,Office Chair,Furniture,664.47,501
1002,Coffee Maker,Home & Kitchen,409.26,502
1003,Document Scanner,Electronics,733.48,503
1004,Desk Mat,Accessories,210.71,504
1005,Tablet Stand,Accessories,839.39,505
1006,Drawer Unit,Furniture,208.15,506
1007,Bath Towels,Home & Kitchen,42.02,507
1008,External SSD,Electronics,891.71,508
1009,Computer Speakers,Electronics,947.71,509
1010,Gaming Keyboard,Electronics,828.61,510
1011,Gaming Mouse Pad,Accessories,44.39,511
1012,Rice Cooker,Home & Kitchen,36.00,512
1013,Phone Grip,Accessories,718.16,513
1014,Toaster Oven,Home & Kitchen,289.76,514
1015,Laptop Stand,Accessories,938.28,515
1016,Mechanical Keyboard,Electronics,605.03,516
1017,Food Processor,Home & Kitchen,855.76,517
1018,Monitor Stand,Furniture,909.83,518
1019,Laptop Sleeve,Accessories,322.62,519
1020,Wireless Mouse,Electronics,269.25,520
1021,Power Strip,Electronics,657.13,521
1022,Microphone,Electronics,260.18,522
1023,Bookshelf,Furniture,816.61,523
1024,Portable Charger,Accessories,146.82,524
1025,Bluetooth Headphones,Electronics,661.38,525
1026,Noise Cancelling Headset,Electronics,510.48,526
1027,Smart Watch,Electronics,948.37,527
1028,Cable Organizer,Accessories,436.54,528
1029,Storage Containers,Home & Kitchen,346.65,529
1030,Kitchen Blender,Home & Kitchen,651.91,530
1031,Wall Clock,Home & Kitchen,459.99,531
1032,Storage Shelf,Furniture,680.43,532
1033,WiFi Router,Electronics,339.34,533
1034,Air Purifier,Home & Kitchen,944.73,534
1035,Smartphone Case,Accessories,692.84,535
1036,Standing Desk,Furniture,700.69,536
1037,Throw Pillows,Home & Kitchen,216.20,537
1038,Wireless Charger,Electronics,758.97,538
1039,Wireless Presenter,Electronics,85.61,539
1040,USB-C Hub,Electronics,282.19,540
1041,Wireless Earbuds,Electronics,60.63,541
1042,Electric Kettle,Home & Kitchen,154.16,542
1043,Desk Organizer,Accessories,284.47,543
1044,Screen Protector,Accessories,822.12,544
1045,Desk Lamp,Home & Kitchen,86.25,545
1046,4K Monitor,Electronics,689.20,546
1047,Water Bottle,Home & Kitchen,498.90,547
1048,File Cabinet,Furniture,684.26,548
1049,Webcam HD,Electronics,556.43,549
1050,Keyboard Wrist Rest,Accessories,666.27,550
1051,Office Chair,Furniture,393.80,551
1052,Coffee Maker,Home & Kitchen,159.90,552
1053,Document Scanner,Electronics,551.36,553
1054,Desk Mat,Accessories,622.60,554
1055,Tablet Stand,Accessories,45.31,555
1056,Drawer Unit,Furniture,11.94,556
1057,Bath Towels,Home & Kitchen,888.91,557
1058,External SSD,Electronics,699.63,558
1059,Computer Speakers,Electronics,78.75,559
1060,Gaming Keyboard,Electronics,400.13,560
1061,Gaming Mouse Pad,Accessories,310.06,561
1062,Rice Cooker,Home & Kitchen,765.28,562
1063,Phone Grip,Accessories,360.14,563
1064,Toaster Oven,Home & Kitchen,630.68,564
1065,Laptop Stand,Accessories,208.07,565
1066,Mechanical Keyboard,Electronics,523.60,566
1067,Food Processor,Home & Kitchen,564.21,567
1068,Monitor Stand,Furniture,130.70,568
1069,Laptop Sleeve,Accessories,227.11,569
1070,Wireless Mouse,Electronics,566.42,570
1071,Power Strip,Electronics,83.85,571
1072,Microphone,Electronics,337.73,572
1073,Bookshelf,Furniture,570.81,573
1074,Portable Charger,Accessories,733.12,574
1075,Bluetooth Headphones,Electronics,61.17,575
1076,Noise Cancelling Headset,Electronics,222.85,576
1077,Smart Watch,Electronics,756.29,577
1078,Cable Organizer,Accessories,594.90,578
1079,Storage Containers,Home & Kitchen,821.21,579
1080,Kitchen Blender,Home & Kitchen,224.35,580
1081,Wall Clock,Home & Kitchen,363.94,581
1082,Storage Shelf,Furniture,35.99,582
1083,WiFi Router,Electronics,5.44,583
1084,Air Purifier,Home & Kitchen,464.12,584
1085,Smartphone Case,Accessories,503.29,585
1086,Standing Desk,Furniture,747.00,586
1087,Throw Pillows,Home & Kitchen,889.82,587
1088,Wireless Charger,Electronics,298.27,588
1089,Wireless Presenter,Electronics,512.52,589
1090,USB-C Hub,Electronics,378.11,590
1091,Wireless Earbuds,Electronics,330.44,591
1092,Electric Kettle,Home & Kitchen,359.63,592
1093,Desk Organizer,Accessories,331.83,593
1094,Screen Protector,Accessories,214.29,594
1095,Desk Lamp,Home & Kitchen,338.72,595
1096,4K Monitor,Electronics,681.70,596
1097,Water Bottle,Home & Kitchen,40.51,597
1098,File Cabinet,Furniture,794.54,598
1099,Webcam HD,Electronics,136.40,599
1100,Keyboard Wrist Rest,Accessories,308.02,600
1101,Office Chair,Furniture,749.89,501
1102,Coffee Maker,Home & Kitchen,957.86,502
1103,Document Scanner,Electronics,856.12,503
1104,Desk Mat,Accessories,129.46,504
1105,Tablet Stand,Accessories,28.95,505
1106,Drawer Unit,Furniture,674.61,506
1107,Bath Towels,Home & Kitchen,744.81,507
1108,External SSD,Electronics,761.84,508
1109,Computer Speakers,Electronics,344.94,509
1110,Gaming Keyboard,Electronics,620.02,510
1111,Gaming Mouse Pad,Accessories,295.47,511
1223,Bookshelf,Furniture,271.63,523
1112,Rice Cooker,Home & Kitchen,699.58,512
1113,Phone Grip,Accessories,261.74,513
1114,Toaster Oven,Home & Kitchen,781.27,514
1115,Laptop Stand,Accessories,261.24,515
1116,Mechanical Keyboard,Electronics,290.68,516
1117,Food Processor,Home & Kitchen,171.93,517
1118,Monitor Stand,Furniture,651.62,518
1119,Laptop Sleeve,Accessories,241.42,519
1120,Wireless Mouse,Electronics,872.01,520
1121,Power Strip,Electronics,177.16,521
1122,Microphone,Electronics,807.50,522
1123,Bookshelf,Furniture,421.51,523
1124,Portable Charger,Accessories,813.11,524
1125,Bluetooth Headphones,Electronics,113.24,525
1126,Noise Cancelling Headset,Electronics,375.65,526
1127,Smart Watch,Electronics,653.28,527
1128,Cable Organizer,Accessories,123.50,528
1129,Storage Containers,Home & Kitchen,691.53,529
1130,Kitchen Blender,Home & Kitchen,270.63,530
1131,Wall Clock,Home & Kitchen,385.74,531
1132,Storage Shelf,Furniture,791.28,532
1133,WiFi Router,Electronics,854.56,533
1134,Air Purifier,Home & Kitchen,857.10,534
1135,Smartphone Case,Accessories,801.68,535
1136,Standing Desk,Furniture,307.88,536
1137,Throw Pillows,Home & Kitchen,290.75,537
1138,Wireless Charger,Electronics,601.24,538
1139,Wireless Presenter,Electronics,295.84,539
1140,USB-C Hub,Electronics,207.43,540
1141,Wireless Earbuds,Electronics,150.71,541
1142,Electric Kettle,Home & Kitchen,203.15,542
1143,Desk Organizer,Accessories,58.20,543
1144,Screen Protector,Accessories,274.68,544
1145,Desk Lamp,Home & Kitchen,523.51,545
1146,4K Monitor,Electronics,471.95,546
1147,Water Bottle,Home & Kitchen,647.05,547
1148,File Cabinet,Furniture,780.38,548
1149,Webcam HD,Electronics,807.63,549
1150,Keyboard Wrist Rest,Accessories,627.45,550
1151,Office Chair,Furniture,95.87,551
1152,Coffee Maker,Home & Kitchen,469.44,552
1153,Document Scanner,Electronics,163.03,553
1154,Desk Mat,Accessories,595.51,554
1155,Tablet Stand,Accessories,578.36,555
1156,Drawer Unit,Furniture,391.59,556
1157,Bath Towels,Home & Kitchen,579.74,557
1158,External SSD,Electronics,402.37,558
1159,Computer Speakers,Electronics,436.09,559
1160,Gaming Keyboard,Electronics,717.37,560
1161,Gaming Mouse Pad,Accessories,411.57,561
1162,Rice Cooker,Home & Kitchen,318.41,562
1163,Phone Grip,Accessories,134.47,563
1164,Toaster Oven,Home & Kitchen,789.37,564
1165,Laptop Stand,Accessories,778.28,565
1166,Mechanical Keyboard,Electronics,487.48,566
1167,Food Processor,Home & Kitchen,419.49,567
1168,Monitor Stand,Furniture,991.36,568
1169,Laptop Sleeve,Accessories,735.70,569
1170,Wireless Mouse,Electronics,992.09,570
1171,Power Strip,Electronics,431.09,571
1172,Microphone,Electronics,610.49,572
1173,Bookshelf,Furniture,824.89,573
1174,Portable Charger,Accessories,478.44,574
1175,Bluetooth Headphones,Electronics,77.86,575
1176,Noise Cancelling Headset,Electronics,348.42,576
1177,Smart Watch,Electronics,392.30,577
1178,Cable Organizer,Accessories,708.99,578
1179,Storage Containers,Home & Kitchen,644.19,579
1180,Kitchen Blender,Home & Kitchen,128.02,580
1181,Wall Clock,Home & Kitchen,138.84,581
1182,Storage Shelf,Furniture,937.93,582
1183,WiFi Router,Electronics,642.47,583
1184,Air Purifier,Home & Kitchen,508.82,584
1185,Smartphone Case,Accessories,713.16,585
1186,Standing Desk,Furniture,416.91,586
1187,Throw Pillows,Home & Kitchen,740.73,587
1188,Wireless Charger,Electronics,972.74,588
1189,Wireless Presenter,Electronics,168.92,589
1190,USB-C Hub,Electronics,827.84,590
1191,Wireless Earbuds,Electronics,294.02,591
1192,Electric Kettle,Home & Kitchen,147.69,592
1193,Desk Organizer,Accessories,437.99,593
1194,Screen Protector,Accessories,879.50,594
1195,Desk Lamp,Home & Kitchen,686.64,595
1196,4K Monitor,Electronics,808.07,596
1197,Water Bottle,Home & Kitchen,574.88,597
1198,File Cabinet,Furniture,357.57,598
1199,Webcam HD,Electronics,626.81,599
1200,Keyboard Wrist Rest,Accessories,93.98,600
1201,Office Chair,Furniture,711.96,501
1202,Coffee Maker,Home & Kitchen,58.23,502
1203,Document Scanner,Electronics,262.19,503
1204,Desk Mat,Accessories,829.79,504
1205,Tablet Stand,Accessories,584.17,505
1206,Drawer Unit,Furniture,800.14,506
1207,Bath Towels,Home & Kitchen,24.84,507
1208,External SSD,Electronics,332.27,508
1209,Computer Speakers,Electronics,592.67,509
1210,Gaming Keyboard,Electronics,613.28,510
1211,Gaming Mouse Pad,Accessories,853.56,511
1212,Rice Cooker,Home & Kitchen,765.86,512
1213,Phone Grip,Accessories,248.81,513
1214,Toaster Oven,Home & Kitchen,828.46,514
1215,Laptop Stand,Accessories,933.38,515
1216,Mechanical Keyboard,Electronics,250.56,516
1217,Food Processor,Home & Kitchen,855.78,517
1218,Monitor Stand,Furniture,522.66,518
1219,Laptop Sleeve,Accessories,446.06,519
1220,Wireless Mouse,Electronics,160.69,520
1221,Power Strip,Electronics,283.11,521
1222,Microphone,Electronics,976.27,522
1224,Portable Charger,Accessories,579.24,524
1225,Bluetooth Headphones,Electronics,684.69,525
1226,Noise Cancelling Headset,Electronics,741.61,526
1227,Smart Watch,Electronics,748.32,527
1228,Cable Organizer,Accessories,382.80,528
1229,Storage Containers,Home & Kitchen,734.99,529
1230,Kitchen Blender,Home & Kitchen,136.81,530
1231,Wall Clock,Home & Kitchen,677.45,531
1232,Storage Shelf,Furniture,257.65,532
1233,WiFi Router,Electronics,858.06,533
1234,Air Purifier,Home & Kitchen,538.74,534
1235,Smartphone Case,Accessories,553.74,535
1236,Standing Desk,Furniture,656.43,536
1237,Throw Pillows,Home & Kitchen,319.18,537
1238,Wireless Charger,Electronics,387.74,538
1239,Wireless Presenter,Electronics,71.93,539
1240,USB-C Hub,Electronics,88.29,540
1241,Wireless Earbuds,Electronics,703.04,541
1242,Electric Kettle,Home & Kitchen,444.69,542
1243,Desk Organizer,Accessories,426.42,543
1244,Screen Protector,Accessories,587.34,544
1245,Desk Lamp,Home & Kitchen,102.08,545
1246,4K Monitor,Electronics,593.22,546
1247,Water Bottle,Home & Kitchen,257.78,547
1248,File Cabinet,Furniture,661.76,548
1249,Webcam HD,Electronics,132.79,549
1250,Keyboard Wrist Rest,Accessories,378.38,550
1251,Office Chair,Furniture,273.64,551
1252,Coffee Maker,Home & Kitchen,114.50,552
1253,Document Scanner,Electronics,889.20,553
1254,Desk Mat,Accessories,260.29,554
1255,Tablet Stand,Accessories,789.17,555
1256,Drawer Unit,Furniture,761.68,556
1257,Bath Towels,Home & Kitchen,102.40,557
1258,External SSD,Electronics,748.05,558
1259,Computer Speakers,Electronics,332.00,559
1260,Gaming Keyboard,Electronics,163.90,560
1261,Gaming Mouse Pad,Accessories,134.99,561
1262,Rice Cooker,Home & Kitchen,241.37,562
1263,Phone Grip,Accessories,187.45,563
1264,Toaster Oven,Home & Kitchen,742.44,564
1265,Laptop Stand,Accessories,650.91,565
1266,Mechanical Keyboard,Electronics,800.69,566
1267,Food Processor,Home & Kitchen,535.10,567
1268,Monitor Stand,Furniture,43.64,568
1269,Laptop Sleeve,Accessories,18.26,569
1270,Wireless Mouse,Electronics,475.59,570
1271,Power Strip,Electronics,999.92,571
1272,Microphone,Electronics,717.98,572
1273,Bookshelf,Furniture,350.59,573
1274,Portable Charger,Accessories,573.83,574
1275,Bluetooth Headphones,Electronics,459.34,575
1276,Noise Cancelling Headset,Electronics,711.40,576
1277,Smart Watch,Electronics,389.00,577
1278,Cable Organizer,Accessories,60.12,578
1279,Storage Containers,Home & Kitchen,746.09,579
1280,Kitchen Blender,Home & Kitchen,843.91,580
1281,Wall Clock,Home & Kitchen,866.06,581
1282,Storage Shelf,Furniture,74.41,582
1283,WiFi Router,Electronics,821.52,583
1284,Air Purifier,Home & Kitchen,316.99,584
1285,Smartphone Case,Accessories,397.01,585
1286,Standing Desk,Furniture,44.90,586
1287,Throw Pillows,Home & Kitchen,189.06,587
1288,Wireless Charger,Electronics,519.91,588
1289,Wireless Presenter,Electronics,593.32,589
1290,USB-C Hub,Electronics,202.85,590
1291,Wireless Earbuds,Electronics,24.92,591
1292,Electric Kettle,Home & Kitchen,347.31,592
1293,Desk Organizer,Accessories,140.81,593
1294,Screen Protector,Accessories,83.58,594
1295,Desk Lamp,Home & Kitchen,750.76,595
1296,4K Monitor,Electronics,643.91,596
1297,Water Bottle,Home & Kitchen,955.03,597
1298,File Cabinet,Furniture,933.83,598
1299,Webcam HD,Electronics,686.28,599
1300,Keyboard Wrist Rest,Accessories,890.66,600
1301,Office Chair,Furniture,539.05,501
1302,Coffee Maker,Home & Kitchen,636.56,502
1303,Document Scanner,Electronics,33.57,503
1304,Desk Mat,Accessories,187.08,504
1305,Tablet Stand,Accessories,731.35,505
1306,Drawer Unit,Furniture,530.42,506
1307,Bath Towels,Home & Kitchen,491.19,507
1308,External SSD,Electronics,428.21,508
1309,Computer Speakers,Electronics,398.37,509
1310,Gaming Keyboard,Electronics,395.41,510
1311,Gaming Mouse Pad,Accessories,381.13,511
1312,Rice Cooker,Home & Kitchen,912.16,512
1313,Phone Grip,Accessories,774.81,513
1314,Toaster Oven,Home & Kitchen,92.56,514
1315,Laptop Stand,Accessories,905.83,515
1316,Mechanical Keyboard,Electronics,128.12,516
1317,Food Processor,Home & Kitchen,462.14,517
1318,Monitor Stand,Furniture,975.04,518
1319,Laptop Sleeve,Accessories,413.24,519
1320,Wireless Mouse,Electronics,762.64,520
1321,Power Strip,Electronics,55.66,521
1322,Microphone,Electronics,857.60,522
1323,Bookshelf,Furniture,591.16,523
1324,Portable Charger,Accessories,507.92,524
1325,Bluetooth Headphones,Electronics,867.30,525
1326,Noise Cancelling Headset,Electronics,829.16,526
1327,Smart Watch,Electronics,844.66,527
1328,Cable Organizer,Accessories,94.81,528
1329,Storage Containers,Home & Kitchen,759.26,529
1330,Kitchen Blender,Home & Kitchen,659.03,530
1331,Wall Clock,Home & Kitchen,670.63,531
1332,Storage Shelf,Furniture,555.58,532
1333,WiFi Router,Electronics,334.58,533
1334,Air Purifier,Home & Kitchen,618.53,534
1335,Smartphone Case,Accessories,204.11,535
1336,Standing Desk,Furniture,906.47,536
1337,Throw Pillows,Home & Kitchen,576.63,537
1338,Wireless Charger,Electronics,831.29,538
1339,Wireless Presenter,Electronics,38.96,539
1340,USB-C Hub,Electronics,179.21,540
1341,Wireless Earbuds,Electronics,926.71,541
1342,Electric Kettle,Home & Kitchen,658.13,542
1343,Desk Organizer,Accessories,252.89,543
1344,Screen Protector,Accessories,798.20,544
1345,Desk Lamp,Home & Kitchen,994.41,545
1346,4K Monitor,Electronics,46.96,546
1347,Water Bottle,Home & Kitchen,832.02,547
1348,File Cabinet,Furniture,743.85,548
1349,Webcam HD,Electronics,433.54,549
1350,Keyboard Wrist Rest,Accessories,880.89,550
1351,Office Chair,Furniture,635.32,551
1352,Coffee Maker,Home & Kitchen,734.23,552
1353,Document Scanner,Electronics,201.45,553
1354,Desk Mat,Accessories,990.61,554
1355,Tablet Stand,Accessories,835.36,555
1356,Drawer Unit,Furniture,681.13,556
1357,Bath Towels,Home & Kitchen,594.01,557
1358,External SSD,Electronics,807.77,558
1359,Computer Speakers,Electronics,664.32,559
1360,Gaming Keyboard,Electronics,749.73,560
1361,Gaming Mouse Pad,Accessories,258.49,561
1362,Rice Cooker,Home & Kitchen,191.26,562
1363,Phone Grip,Accessories,893.32,563
1364,Toaster Oven,Home & Kitchen,525.95,564
1365,Laptop Stand,Accessories,239.68,565
1366,Mechanical Keyboard,Electronics,696.52,566
1367,Food Processor,Home & Kitchen,726.93,567
1368,Monitor Stand,Furniture,670.62,568
1369,Laptop Sleeve,Accessories,786.66,569
1370,Wireless Mouse,Electronics,845.94,570
1371,Power Strip,Electronics,231.34,571
1372,Microphone,Electronics,828.23,572
1373,Bookshelf,Furniture,625.66,573
1374,Portable Charger,Accessories,651.22,574
1375,Bluetooth Headphones,Electronics,473.65,575
1376,Noise Cancelling Headset,Electronics,734.58,576
1377,Smart Watch,Electronics,549.43,577
1378,Cable Organizer,Accessories,462.11,578
1379,Storage Containers,Home & Kitchen,774.84,579
1380,Kitchen Blender,Home & Kitchen,122.48,580
1381,Wall Clock,Home & Kitchen,909.54,581
1382,Storage Shelf,Furniture,960.83,582
1383,WiFi Router,Electronics,361.39,583
1384,Air Purifier,Home & Kitchen,177.18,584
1385,Smartphone Case,Accessories,249.72,585
1386,Standing Desk,Furniture,464.46,586
1387,Throw Pillows,Home & Kitchen,125.63,587
1388,Wireless Charger,Electronics,19.38,588
1389,Wireless Presenter,Electronics,287.91,589
1390,USB-C Hub,Electronics,112.83,590
1391,Wireless Earbuds,Electronics,406.68,591
1392,Electric Kettle,Home & Kitchen,662.85,592
1393,Desk Organizer,Accessories,134.07,593
1394,Screen Protector,Accessories,635.50,594
1395,Desk Lamp,Home & Kitchen,440.60,595
1396,4K Monitor,Electronics,577.64,596
1397,Water Bottle,Home & Kitchen,485.79,597
1398,File Cabinet,Furniture,423.19,598
1399,Webcam HD,Electronics,857.12,599
1400,Keyboard Wrist Rest,Accessories,172.14,600
1401,Office Chair,Furniture,518.42,501
1402,Coffee Maker,Home & Kitchen,393.95,502
1403,Document Scanner,Electronics,500.31,503
1404,Desk Mat,Accessories,132.88,504
1405,Tablet Stand,Accessories,350.75,505
1406,Drawer Unit,Furniture,31.87,506
1407,Bath Towels,Home & Kitchen,349.46,507
1408,External SSD,Electronics,222.83,508
1409,Computer Speakers,Electronics,885.70,509
1410,Gaming Keyboard,Electronics,590.79,510
1411,Gaming Mouse Pad,Accessories,153.45,511
1412,Rice Cooker,Home & Kitchen,787.76,512
1413,Phone Grip,Accessories,962.29,513
1414,Toaster Oven,Home & Kitchen,73.74,514
1415,Laptop Stand,Accessories,661.40,515
1416,Mechanical Keyboard,Electronics,868.78,516
1417,Food Processor,Home & Kitchen,820.13,517
1418,Monitor Stand,Furniture,368.87,518
1419,Laptop Sleeve,Accessories,908.95,519
1420,Wireless Mouse,Electronics,33.29,520
1421,Power Strip,Electronics,687.67,521
1422,Microphone,Electronics,346.15,522
1423,Bookshelf,Furniture,72.29,523
1424,Portable Charger,Accessories,985.24,524
1425,Bluetooth Headphones,Electronics,539.14,525
1426,Noise Cancelling Headset,Electronics,213.84,526
1427,Smart Watch,Electronics,495.83,527
1428,Cable Organizer,Accessories,777.82,528
1429,Storage Containers,Home & Kitchen,977.03,529
1430,Kitchen Blender,Home & Kitchen,129.82,530
1431,Wall Clock,Home & Kitchen,500.98,531
1432,Storage Shelf,Furniture,373.57,532
1433,WiFi Router,Electronics,969.29,533
1434,Air Purifier,Home & Kitchen,508.69,534
1435,Smartphone Case,Accessories,265.17,535
1436,Standing Desk,Furniture,811.35,536
1437,Throw Pillows,Home & Kitchen,204.40,537
1438,Wireless Charger,Electronics,645.75,538
1439,Wireless Presenter,Electronics,779.38,539
1440,USB-C Hub,Electronics,195.21,540
1441,Wireless Earbuds,Electronics,850.01,541
1442,Electric Kettle,Home & Kitchen,645.05,542
1443,Desk Organizer,Accessories,362.74,543
1444,Screen Protector,Accessories,247.77,544
1445,Desk Lamp,Home & Kitchen,336.04,545
1446,4K Monitor,Electronics,528.51,546
1447,Water Bottle,Home & Kitchen,799.48,547
1448,File Cabinet,Furniture,720.71,548
1449,Webcam HD,Electronics,440.11,549
1450,Keyboard Wrist Rest,Accessories,239.34,550
1451,Office Chair,Furniture,421.10,551
1452,Coffee Maker,Home & Kitchen,706.59,552
1453,Document Scanner,Electronics,506.93,553
1454,Desk Mat,Accessories,172.51,554
1455,Tablet Stand,Accessories,466.76,555
1456,Drawer Unit,Furniture,878.19,556
1457,Bath Towels,Home & Kitchen,580.17,557
1458,External SSD,Electronics,21.14,558
1459,Computer Speakers,Electronics,218.40,559
1460,Gaming Keyboard,Electronics,278.20,560
1461,Gaming Mouse Pad,Accessories,587.62,561
1462,Rice Cooker,Home & Kitchen,590.44,562
1463,Phone Grip,Accessories,889.07,563
1464,Toaster Oven,Home & Kitchen,916.45,564
1465,Laptop Stand,Accessories,678.00,565
1466,Mechanical Keyboard,Electronics,671.34,566
1467,Food Processor,Home & Kitchen,777.20,567
1468,Monitor Stand,Furniture,969.67,568
1469,Laptop Sleeve,Accessories,797.81,569
1470,Wireless Mouse,Electronics,572.32,570
1471,Power Strip,Electronics,676.14,571
1472,Microphone,Electronics,81.32,572
1473,Bookshelf,Furniture,491.70,573
1474,Portable Charger,Accessories,485.42,574
1475,Bluetooth Headphones,Electronics,945.02,575
1476,Noise Cancelling Headset,Electronics,162.89,576
1477,Smart Watch,Electronics,905.55,577
1478,Cable Organizer,Accessories,120.06,578
1479,Storage Containers,Home & Kitchen,482.98,579
1480,Kitchen Blender,Home & Kitchen,853.68,580
1481,Wall Clock,Home & Kitchen,115.52,581
1482,Storage Shelf,Furniture,456.93,582
1483,WiFi Router,Electronics,717.61,583
1484,Air Purifier,Home & Kitchen,14.04,584
1485,Smartphone Case,Accessories,942.39,585
1486,Standing Desk,Furniture,440.74,586
1487,Throw Pillows,Home & Kitchen,386.76,587
1488,Wireless Charger,Electronics,477.67,588
1489,Wireless Presenter,Electronics,604.09,589
1490,USB-C Hub,Electronics,661.55,590
1491,Wireless Earbuds,Electronics,54.02,591
1492,Electric Kettle,Home & Kitchen,669.66,592
1493,Desk Organizer,Accessories,346.19,593
1494,Screen Protector,Accessories,452.46,594
1495,Desk Lamp,Home & Kitchen,672.61,595
1496,4K Monitor,Electronics,181.87,596
1497,Water Bottle,Home & Kitchen,822.76,597
1498,File Cabinet,Furniture,536.06,598
1499,Webcam HD,Electronics,271.16,599
1500,Keyboard Wrist Rest,Accessories,496.36,600
1501,Office Chair,Furniture,295.17,501
1502,Coffee Maker,Home & Kitchen,468.67,502
1503,Document Scanner,Electronics,502.14,503
1504,Desk Mat,Accessories,860.57,504
1505,Tablet Stand,Accessories,409.19,505
1506,Drawer Unit,Furniture,949.99,506
1507,Bath Towels,Home & Kitchen,182.05,507
1508,External SSD,Electronics,265.45,508
1509,Computer Speakers,Electronics,158.00,509
1510,Gaming Keyboard,Electronics,316.32,510
1511,Gaming Mouse Pad,Accessories,632.06,511
1512,Rice Cooker,Home & Kitchen,884.16,512
1513,Phone Grip,Accessories,607.51,513
1514,Toaster Oven,Home & Kitchen,305.17,514
1515,Laptop Stand,Accessories,761.55,515
1516,Mechanical Keyboard,Electronics,467.94,516
1517,Food Processor,Home & Kitchen,615.49,517
1518,Monitor Stand,Furniture,234.46,518
1519,Laptop Sleeve,Accessories,820.14,519
1520,Wireless Mouse,Electronics,929.63,520
1521,Power Strip,Electronics,611.60,521
1522,Microphone,Electronics,0.20,522
1523,Bookshelf,Furniture,373.51,523
1524,Portable Charger,Accessories,214.56,524
1525,Bluetooth Headphones,Electronics,299.39,525
1526,Noise Cancelling Headset,Electronics,593.57,526
1527,Smart Watch,Electronics,406.88,527
1528,Cable Organizer,Accessories,346.57,528
1529,Storage Containers,Home & Kitchen,90.12,529
1530,Kitchen Blender,Home & Kitchen,237.68,530
1531,Wall Clock,Home & Kitchen,588.87,531
1532,Storage Shelf,Furniture,558.90,532
1533,WiFi Router,Electronics,143.49,533
1534,Air Purifier,Home & Kitchen,753.96,534
1535,Smartphone Case,Accessories,618.44,535
1536,Standing Desk,Furniture,167.91,536
1537,Throw Pillows,Home & Kitchen,328.92,537
1538,Wireless Charger,Electronics,354.69,538
1539,Wireless Presenter,Electronics,607.11,539
1540,USB-C Hub,Electronics,674.55,540
1541,Wireless Earbuds,Electronics,160.17,541
1542,Electric Kettle,Home & Kitchen,911.73,542
1543,Desk Organizer,Accessories,829.20,543
1544,Screen Protector,Accessories,885.73,544
1545,Desk Lamp,Home & Kitchen,742.85,545
1546,4K Monitor,Electronics,618.32,546
1547,Water Bottle,Home & Kitchen,558.15,547
1548,File Cabinet,Furniture,486.95,548
1549,Webcam HD,Electronics,731.93,549
1550,Keyboard Wrist Rest,Accessories,118.11,550
1551,Office Chair,Furniture,369.74,551
1552,Coffee Maker,Home & Kitchen,521.39,552
1553,Document Scanner,Electronics,191.93,553
1554,Desk Mat,Accessories,529.03,554
1555,Tablet Stand,Accessories,53.57,555
1556,Drawer Unit,Furniture,159.05,556
1557,Bath Towels,Home & Kitchen,425.32,557
1558,External SSD,Electronics,92.31,558
1559,Computer Speakers,Electronics,978.59,559
1560,Gaming Keyboard,Electronics,664.51,560
1561,Gaming Mouse Pad,Accessories,143.35,561
1562,Rice Cooker,Home & Kitchen,617.70,562
1563,Phone Grip,Accessories,692.96,563
1564,Toaster Oven,Home & Kitchen,694.44,564
1565,Laptop Stand,Accessories,4.47,565
1566,Mechanical Keyboard,Electronics,620.61,566
1567,Food Processor,Home & Kitchen,644.55,567
1568,Monitor Stand,Furniture,697.67,568
1569,Laptop Sleeve,Accessories,156.87,569
1570,Wireless Mouse,Electronics,291.35,570
1571,Power Strip,Electronics,545.11,571
1572,Microphone,Electronics,988.45,572
1573,Bookshelf,Furniture,692.49,573
1574,Portable Charger,Accessories,749.51,574
1575,Bluetooth Headphones,Electronics,520.40,575
1576,Noise Cancelling Headset,Electronics,532.98,576
1577,Smart Watch,Electronics,286.12,577
1578,Cable Organizer,Accessories,669.51,578
1579,Storage Containers,Home & Kitchen,217.58,579
1580,Kitchen Blender,Home & Kitchen,375.75,580
1581,Wall Clock,Home & Kitchen,6.34,581
1582,Storage Shelf,Furniture,796.99,582
1583,WiFi Router,Electronics,91.63,583
1584,Air Purifier,Home & Kitchen,433.98,584
1585,Smartphone Case,Accessories,475.12,585
1586,Standing Desk,Furniture,824.26,586
1587,Throw Pillows,Home & Kitchen,655.06,587
1588,Wireless Charger,Electronics,568.02,588
1589,Wireless Presenter,Electronics,165.99,589
1590,USB-C Hub,Electronics,730.99,590
1591,Wireless Earbuds,Electronics,906.27,591
1592,Electric Kettle,Home & Kitchen,988.04,592
1593,Desk Organizer,Accessories,110.62,593
1594,Screen Protector,Accessories,565.39,594
1595,Desk Lamp,Home & Kitchen,996.70,595
1596,4K Monitor,Electronics,368.76,596
1597,Water Bottle,Home & Kitchen,276.32,597
1598,File Cabinet,Furniture,190.94,598
1599,Webcam HD,Electronics,731.08,599
1600,Keyboard Wrist Rest,Accessories,674.29,600
1601,Office Chair,Furniture,122.19,501
1602,Coffee Maker,Home & Kitchen,589.10,502
1603,Document Scanner,Electronics,744.01,503
1604,Desk Mat,Accessories,372.17,504
1605,Tablet Stand,Accessories,420.28,505
1606,Drawer Unit,Furniture,559.29,506
1607,Bath Towels,Home & Kitchen,833.50,507
1608,External SSD,Electronics,758.20,508
1609,Computer Speakers,Electronics,659.14,509
1610,Gaming Keyboard,Electronics,402.10,510
1611,Gaming Mouse Pad,Accessories,786.14,511
1612,Rice Cooker,Home & Kitchen,218.22,512
1613,Phone Grip,Accessories,292.18,513
1614,Toaster Oven,Home & Kitchen,888.91,514
1615,Laptop Stand,Accessories,410.34,515
1616,Mechanical Keyboard,Electronics,38.61,516
1617,Food Processor,Home & Kitchen,638.64,517
1618,Monitor Stand,Furniture,252.59,518
1619,Laptop Sleeve,Accessories,83.37,519
1620,Wireless Mouse,Electronics,330.67,520
1621,Power Strip,Electronics,936.00,521
1622,Microphone,Electronics,54.80,522
1623,Bookshelf,Furniture,920.23,523
1624,Portable Charger,Accessories,637.24,524
1625,Bluetooth Headphones,Electronics,179.41,525
1626,Noise Cancelling Headset,Electronics,832.58,526
1627,Smart Watch,Electronics,344.76,527
1628,Cable Organizer,Accessories,477.47,528
1629,Storage Containers,Home & Kitchen,398.63,529
1630,Kitchen Blender,Home & Kitchen,412.27,530
1631,Wall Clock,Home & Kitchen,525.97,531
1632,Storage Shelf,Furniture,617.99,532
1633,WiFi Router,Electronics,854.60,533
1634,Air Purifier,Home & Kitchen,72.33,534
1635,Smartphone Case,Accessories,175.87,535
1636,Standing Desk,Furniture,707.59,536
1637,Throw Pillows,Home & Kitchen,840.41,537
1638,Wireless Charger,Electronics,955.14,538
1639,Wireless Presenter,Electronics,845.59,539
1640,USB-C Hub,Electronics,548.00,540
1641,Wireless Earbuds,Electronics,521.14,541
1642,Electric Kettle,Home & Kitchen,625.40,542
1643,Desk Organizer,Accessories,438.24,543
1644,Screen Protector,Accessories,219.05,544
1645,Desk Lamp,Home & Kitchen,739.75,545
1646,4K Monitor,Electronics,716.20,546
1647,Water Bottle,Home & Kitchen,897.73,547
1648,File Cabinet,Furniture,532.25,548
1649,Webcam HD,Electronics,564.84,549
1650,Keyboard Wrist Rest,Accessories,92.26,550
1651,Office Chair,Furniture,893.05,551
1652,Coffee Maker,Home & Kitchen,729.35,552
1653,Document Scanner,Electronics,680.94,553
1654,Desk Mat,Accessories,467.49,554
1655,Tablet Stand,Accessories,875.52,555
1656,Drawer Unit,Furniture,952.12,556
1657,Bath Towels,Home & Kitchen,430.70,557
1658,External SSD,Electronics,216.24,558
1659,Computer Speakers,Electronics,829.69,559
1660,Gaming Keyboard,Electronics,892.35,560
1661,Gaming Mouse Pad,Accessories,921.71,561
1662,Rice Cooker,Home & Kitchen,747.40,562
1663,Phone Grip,Accessories,342.92,563
1664,Toaster Oven,Home & Kitchen,17.06,564
1665,Laptop Stand,Accessories,38.88,565
1666,Mechanical Keyboard,Electronics,419.64,566
1667,Food Processor,Home & Kitchen,172.24,567
1668,Monitor Stand,Furniture,143.30,568
1669,Laptop Sleeve,Accessories,451.34,569
1670,Wireless Mouse,Electronics,543.31,570
1671,Power Strip,Electronics,725.19,571
1672,Microphone,Electronics,675.58,572
1673,Bookshelf,Furniture,613.75,573
1674,Portable Charger,Accessories,859.98,574
1675,Bluetooth Headphones,Electronics,465.78,575
1676,Noise Cancelling Headset,Electronics,122.60,576
1677,Smart Watch,Electronics,368.86,577
1678,Cable Organizer,Accessories,658.23,578
1679,Storage Containers,Home & Kitchen,857.01,579
1680,Kitchen Blender,Home & Kitchen,146.79,580
1681,Wall Clock,Home & Kitchen,359.69,581
1682,Storage Shelf,Furniture,358.01,582
1683,WiFi Router,Electronics,200.67,583
1684,Air Purifier,Home & Kitchen,347.87,584
1685,Smartphone Case,Accessories,321.71,585
1686,Standing Desk,Furniture,89.98,586
1687,Throw Pillows,Home & Kitchen,13.68,587
1688,Wireless Charger,Electronics,539.58,588
1689,Wireless Presenter,Electronics,841.74,589
1690,USB-C Hub,Electronics,963.77,590
1691,Wireless Earbuds,Electronics,121.52,591
1692,Electric Kettle,Home & Kitchen,174.28,592
1693,Desk Organizer,Accessories,116.93,593
1694,Screen Protector,Accessories,715.23,594
1695,Desk Lamp,Home & Kitchen,940.82,595
1696,4K Monitor,Electronics,6.49,596
1697,Water Bottle,Home & Kitchen,315.03,597
1698,File Cabinet,Furniture,922.47,598
1699,Webcam HD,Electronics,193.50,599
1700,Keyboard Wrist Rest,Accessories,177.82,600
1701,Office Chair,Furniture,714.52,501
1702,Coffee Maker,Home & Kitchen,113.80,502
1703,Document Scanner,Electronics,44.36,503
1704,Desk Mat,Accessories,787.14,504
1705,Tablet Stand,Accessories,896.27,505
1706,Drawer Unit,Furniture,249.89,506
1707,Bath Towels,Home & Kitchen,750.85,507
1708,External SSD,Electronics,104.71,508
1709,Computer Speakers,Electronics,384.19,509
1710,Gaming Keyboard,Electronics,755.21,510
1711,Gaming Mouse Pad,Accessories,15.39,511
1712,Rice Cooker,Home & Kitchen,550.09,512
1713,Phone Grip,Accessories,153.78,513
1714,Toaster Oven,Home & Kitchen,72.73,514
1715,Laptop Stand,Accessories,876.36,515
1716,Mechanical Keyboard,Electronics,500.04,516
1717,Food Processor,Home & Kitchen,992.50,517
1718,Monitor Stand,Furniture,106.21,518
1719,Laptop Sleeve,Accessories,293.57,519
1720,Wireless Mouse,Electronics,508.03,520
1721,Power Strip,Electronics,855.71,521
1722,Microphone,Electronics,613.03,522
1723,Bookshelf,Furniture,363.18,523
1724,Portable Charger,Accessories,413.11,524
1725,Bluetooth Headphones,Electronics,317.39,525
1726,Noise Cancelling Headset,Electronics,365.55,526
1727,Smart Watch,Electronics,561.37,527
1728,Cable Organizer,Accessories,454.09,528
1729,Storage Containers,Home & Kitchen,869.27,529
1730,Kitchen Blender,Home & Kitchen,347.25,530
1731,Wall Clock,Home & Kitchen,671.19,531
1732,Storage Shelf,Furniture,563.82,532
1733,WiFi Router,Electronics,733.41,533
1734,Air Purifier,Home & Kitchen,112.72,534
1735,Smartphone Case,Accessories,591.37,535
1736,Standing Desk,Furniture,619.88,536
1737,Throw Pillows,Home & Kitchen,37.49,537
1738,Wireless Charger,Electronics,18.98,538
1739,Wireless Presenter,Electronics,429.19,539
1740,USB-C Hub,Electronics,442.76,540
1741,Wireless Earbuds,Electronics,404.61,541
1742,Electric Kettle,Home & Kitchen,278.08,542
1743,Desk Organizer,Accessories,498.63,543
1744,Screen Protector,Accessories,910.74,544
1745,Desk Lamp,Home & Kitchen,352.55,545
1746,4K Monitor,Electronics,317.89,546
1747,Water Bottle,Home & Kitchen,703.94,547
1748,File Cabinet,Furniture,761.46,548
1749,Webcam HD,Electronics,383.25,549
1750,Keyboard Wrist Rest,Accessories,708.39,550
1751,Office Chair,Furniture,255.39,551
1752,Coffee Maker,Home & Kitchen,363.70,552
1753,Document Scanner,Electronics,457.35,553
1754,Desk Mat,Accessories,291.07,554
1755,Tablet Stand,Accessories,307.48,555
1756,Drawer Unit,Furniture,842.55,556
1757,Bath Towels,Home & Kitchen,843.85,557
1758,External SSD,Electronics,984.39,558
1759,Computer Speakers,Electronics,854.20,559
1760,Gaming Keyboard,Electronics,609.74,560
1761,Gaming Mouse Pad,Accessories,536.87,561
1762,Rice Cooker,Home & Kitchen,824.89,562
1763,Phone Grip,Accessories,748.13,563
1764,Toaster Oven,Home & Kitchen,14.19,564
1765,Laptop Stand,Accessories,865.65,565
1766,Mechanical Keyboard,Electronics,173.09,566
1767,Food Processor,Home & Kitchen,554.81,567
1768,Monitor Stand,Furniture,31.79,568
1769,Laptop Sleeve,Accessories,66.59,569
1770,Wireless Mouse,Electronics,61.09,570
1771,Power Strip,Electronics,829.68,571
1772,Microphone,Electronics,930.91,572
1773,Bookshelf,Furniture,332.49,573
1774,Portable Charger,Accessories,561.37,574
1775,Bluetooth Headphones,Electronics,362.33,575
1776,Noise Cancelling Headset,Electronics,429.95,576
1777,Smart Watch,Electronics,61.06,577
1778,Cable Organizer,Accessories,419.71,578
1779,Storage Containers,Home & Kitchen,11.63,579
1780,Kitchen Blender,Home & Kitchen,887.56,580
1781,Wall Clock,Home & Kitchen,633.94,581
1782,Storage Shelf,Furniture,995.04,582
1783,WiFi Router,Electronics,748.82,583
1784,Air Purifier,Home & Kitchen,56.39,584
1785,Smartphone Case,Accessories,494.24,585
1786,Standing Desk,Furniture,635.35,586
1787,Throw Pillows,Home & Kitchen,703.85,587
1788,Wireless Charger,Electronics,843.87,588
1789,Wireless Presenter,Electronics,68.63,589
1790,USB-C Hub,Electronics,276.39,590
1791,Wireless Earbuds,Electronics,804.68,591
1792,Electric Kettle,Home & Kitchen,829.03,592
1793,Desk Organizer,Accessories,389.92,593
1794,Screen Protector,Accessories,992.64,594
1795,Desk Lamp,Home & Kitchen,165.67,595
1796,4K Monitor,Electronics,696.05,596
1797,Water Bottle,Home & Kitchen,777.47,597
1798,File Cabinet,Furniture,59.58,598
1799,Webcam HD,Electronics,805.53,599
1800,Keyboard Wrist Rest,Accessories,464.79,600
1801,Office Chair,Furniture,235.61,501
1802,Coffee Maker,Home & Kitchen,751.56,502
1803,Document Scanner,Electronics,319.52,503
1804,Desk Mat,Accessories,7.46,504
1805,Tablet Stand,Accessories,891.68,505
1806,Drawer Unit,Furniture,347.67,506
1807,Bath Towels,Home & Kitchen,998.67,507
1808,External SSD,Electronics,769.62,508
1809,Computer Speakers,Electronics,561.73,509
1810,Gaming Keyboard,Electronics,296.57,510
1811,Gaming Mouse Pad,Accessories,523.67,511
1812,Rice Cooker,Home & Kitchen,842.29,512
1813,Phone Grip,Accessories,722.90,513
1814,Toaster Oven,Home & Kitchen,586.95,514
1815,Laptop Stand,Accessories,181.14,515
1816,Mechanical Keyboard,Electronics,889.90,516
1817,Food Processor,Home & Kitchen,167.90,517
1818,Monitor Stand,Furniture,381.81,518
1819,Laptop Sleeve,Accessories,579.62,519
1820,Wireless Mouse,Electronics,223.51,520
1821,Power Strip,Electronics,172.46,521
1822,Microphone,Electronics,275.74,522
1823,Bookshelf,Furniture,997.85,523
1824,Portable Charger,Accessories,827.78,524
1825,Bluetooth Headphones,Electronics,565.57,525
1826,Noise Cancelling Headset,Electronics,608.78,526
1827,Smart Watch,Electronics,807.83,527
1828,Cable Organizer,Accessories,43.45,528
1829,Storage Containers,Home & Kitchen,833.36,529
1830,Kitchen Blender,Home & Kitchen,127.14,530
1831,Wall Clock,Home & Kitchen,198.49,531
1832,Storage Shelf,Furniture,249.14,532
1833,WiFi Router,Electronics,227.77,533
1834,Air Purifier,Home & Kitchen,804.37,534
1835,Smartphone Case,Accessories,704.58,535
1836,Standing Desk,Furniture,116.46,536
1837,Throw Pillows,Home & Kitchen,169.66,537
1838,Wireless Charger,Electronics,650.45,538
1839,Wireless Presenter,Electronics,336.09,539
1840,USB-C Hub,Electronics,342.62,540
1841,Wireless Earbuds,Electronics,445.80,541
1842,Electric Kettle,Home & Kitchen,714.38,542
1843,Desk Organizer,Accessories,519.30,543
1844,Screen Protector,Accessories,649.92,544
1845,Desk Lamp,Home & Kitchen,913.07,545
1846,4K Monitor,Electronics,300.04,546
1847,Water Bottle,Home & Kitchen,374.56,547
1848,File Cabinet,Furniture,722.31,548
1849,Webcam HD,Electronics,129.37,549
1850,Keyboard Wrist Rest,Accessories,663.19,550
1851,Office Chair,Furniture,315.93,551
1852,Coffee Maker,Home & Kitchen,868.89,552
1853,Document Scanner,Electronics,753.09,553
1854,Desk Mat,Accessories,969.80,554
1855,Tablet Stand,Accessories,793.09,555
1856,Drawer Unit,Furniture,275.73,556
1857,Bath Towels,Home & Kitchen,766.67,557
1858,External SSD,Electronics,979.81,558
1859,Computer Speakers,Electronics,677.68,559
1860,Gaming Keyboard,Electronics,999.42,560
1861,Gaming Mouse Pad,Accessories,371.49,561
1862,Rice Cooker,Home & Kitchen,190.19,562
1863,Phone Grip,Accessories,207.06,563
1864,Toaster Oven,Home & Kitchen,205.31,564
1865,Laptop Stand,Accessories,836.31,565
1866,Mechanical Keyboard,Electronics,438.37,566
1867,Food Processor,Home & Kitchen,136.67,567
1868,Monitor Stand,Furniture,771.04,568
1869,Laptop Sleeve,Accessories,394.37,569
1870,Wireless Mouse,Electronics,765.71,570
1871,Power Strip,Electronics,181.38,571
1872,Microphone,Electronics,187.77,572
1873,Bookshelf,Furniture,380.33,573
1874,Portable Charger,Accessories,855.40,574
1875,Bluetooth Headphones,Electronics,589.76,575
1876,Noise Cancelling Headset,Electronics,220.81,576
1877,Smart Watch,Electronics,163.61,577
1878,Cable Organizer,Accessories,621.88,578
1879,Storage Containers,Home & Kitchen,313.23,579
1880,Kitchen Blender,Home & Kitchen,856.78,580
1881,Wall Clock,Home & Kitchen,341.45,581
1882,Storage Shelf,Furniture,977.71,582
1883,WiFi Router,Electronics,557.59,583
1884,Air Purifier,Home & Kitchen,388.23,584
1885,Smartphone Case,Accessories,117.20,585
1886,Standing Desk,Furniture,204.79,586
1887,Throw Pillows,Home & Kitchen,906.41,587
1888,Wireless Charger,Electronics,960.54,588
1889,Wireless Presenter,Electronics,282.90,589
1890,USB-C Hub,Electronics,933.48,590
1891,Wireless Earbuds,Electronics,142.30,591
1892,Electric Kettle,Home & Kitchen,580.79,592
1893,Desk Organizer,Accessories,846.25,593
1894,Screen Protector,Accessories,91.81,594
1895,Desk Lamp,Home & Kitchen,131.87,595
1896,4K Monitor,Electronics,389.19,596
1897,Water Bottle,Home & Kitchen,196.98,597
1898,File Cabinet,Furniture,210.09,598
1899,Webcam HD,Electronics,482.63,599
1900,Keyboard Wrist Rest,Accessories,804.09,600
1901,Office Chair,Furniture,641.74,501
1902,Coffee Maker,Home & Kitchen,87.78,502
1903,Document Scanner,Electronics,118.69,503
1904,Desk Mat,Accessories,749.31,504
1905,Tablet Stand,Accessories,116.82,505
1906,Drawer Unit,Furniture,205.20,506
1907,Bath Towels,Home & Kitchen,268.52,507
1908,External SSD,Electronics,387.52,508
1909,Computer Speakers,Electronics,598.77,509
1910,Gaming Keyboard,Electronics,599.83,510
1911,Gaming Mouse Pad,Accessories,524.69,511
1912,Rice Cooker,Home & Kitchen,934.88,512
1913,Phone Grip,Accessories,433.77,513
1914,Toaster Oven,Home & Kitchen,448.27,514
1915,Laptop Stand,Accessories,740.24,515
1916,Mechanical Keyboard,Electronics,517.93,516
1917,Food Processor,Home & Kitchen,143.47,517
1918,Monitor Stand,Furniture,739.43,518
1919,Laptop Sleeve,Accessories,73.23,519
1920,Wireless Mouse,Electronics,397.75,520
1921,Power Strip,Electronics,528.04,521
1922,Microphone,Electronics,144.50,522
1923,Bookshelf,Furniture,29.94,523
1924,Portable Charger,Accessories,812.94,524
1925,Bluetooth Headphones,Electronics,906.34,525
1926,Noise Cancelling Headset,Electronics,830.82,526
1927,Smart Watch,Electronics,846.79,527
1928,Cable Organizer,Accessories,269.42,528
1929,Storage Containers,Home & Kitchen,598.49,529
1930,Kitchen Blender,Home & Kitchen,880.17,530
1931,Wall Clock,Home & Kitchen,731.03,531
1932,Storage Shelf,Furniture,401.69,532
1933,WiFi Router,Electronics,77.63,533
1934,Air Purifier,Home & Kitchen,413.16,534
1935,Smartphone Case,Accessories,279.71,535
1936,Standing Desk,Furniture,195.32,536
1937,Throw Pillows,Home & Kitchen,755.95,537
1938,Wireless Charger,Electronics,722.11,538
1939,Wireless Presenter,Electronics,251.24,539
1940,USB-C Hub,Electronics,101.45,540
1941,Wireless Earbuds,Electronics,32.83,541
1942,Electric Kettle,Home & Kitchen,244.58,542
1943,Desk Organizer,Accessories,992.24,543
1944,Screen Protector,Accessories,612.28,544
1945,Desk Lamp,Home & Kitchen,142.06,545
1946,4K Monitor,Electronics,645.67,546
1947,Water Bottle,Home & Kitchen,682.26,547
1948,File Cabinet,Furniture,591.23,548
1949,Webcam HD,Electronics,424.57,549
1950,Keyboard Wrist Rest,Accessories,854.96,550
1951,Office Chair,Furniture,451.84,551
1952,Coffee Maker,Home & Kitchen,774.92,552
1953,Document Scanner,Electronics,394.86,553
1954,Desk Mat,Accessories,438.57,554
1955,Tablet Stand,Accessories,971.32,555
1956,Drawer Unit,Furniture,383.66,556
1957,Bath Towels,Home & Kitchen,644.10,557
1958,External SSD,Electronics,180.06,558
1959,Computer Speakers,Electronics,920.33,559
1960,Gaming Keyboard,Electronics,90.95,560
1961,Gaming Mouse Pad,Accessories,819.24,561
1962,Rice Cooker,Home & Kitchen,542.94,562
1963,Phone Grip,Accessories,316.86,563
1964,Toaster Oven,Home & Kitchen,243.79,564
1965,Laptop Stand,Accessories,407.23,565
1966,Mechanical Keyboard,Electronics,239.71,566
1967,Food Processor,Home & Kitchen,260.00,567
1968,Monitor Stand,Furniture,743.39,568
1969,Laptop Sleeve,Accessories,662.30,569
1970,Wireless Mouse,Electronics,148.47,570
1971,Power Strip,Electronics,216.31,571
1972,Microphone,Electronics,323.37,572
1973,Bookshelf,Furniture,622.23,573
1974,Portable Charger,Accessories,674.23,574
1975,Bluetooth Headphones,Electronics,494.44,575
1976,Noise Cancelling Headset,Electronics,454.51,576
1977,Smart Watch,Electronics,324.43,577
1978,Cable Organizer,Accessories,190.12,578
1979,Storage Containers,Home & Kitchen,983.99,579
1980,Kitchen Blender,Home & Kitchen,964.36,580
1981,Wall Clock,Home & Kitchen,130.38,581
1982,Storage Shelf,Furniture,851.70,582
1983,WiFi Router,Electronics,319.30,583
1984,Air Purifier,Home & Kitchen,266.06,584
1985,Smartphone Case,Accessories,782.49,585
1986,Standing Desk,Furniture,435.94,586
1987,Throw Pillows,Home & Kitchen,205.19,587
1988,Wireless Charger,Electronics,895.58,588
1989,Wireless Presenter,Electronics,968.34,589
1990,USB-C Hub,Electronics,806.78,590
1991,Wireless Earbuds,Electronics,984.12,591
1992,Electric Kettle,Home & Kitchen,42.98,592
1993,Desk Organizer,Accessories,759.82,593
1994,Screen Protector,Accessories,595.96,594
1995,Desk Lamp,Home & Kitchen,880.90,595
1996,4K Monitor,Electronics,175.53,596
1997,Water Bottle,Home & Kitchen,430.14,597
1998,File Cabinet,Furniture,53.21,598
1999,Webcam HD,Electronics,73.49,599
2000,Keyboard Wrist Rest,Accessories,527.51,600
