review_id,product_id,customer_id,rating,review_text,review_date
1,16,1516,4,"Customer service was excellent, product too.",2024-03-03
2,1516,1516,4,"Customer service was excellent, product too.",2024-01-08
3,1566,9066,1,Basic functionality but reliable.,2024-03-23
4,66,9066,1,Basic functionality but reliable.,2024-03-25
5,1522,1522,3,Better than similar products I have tried.,2024-03-03
6,22,1522,3,Better than similar products I have tried.,2024-09-23
7,1508,3008,2,"Fantastic, exactly what I needed.",2024-05-03
8,8,3008,2,"Fantastic, exactly what I needed.",2024-02-27
9,1560,60,1,Definitely recommend to others.,2023-12-13
10,60,60,1,Definitely recommend to others.,2024-11-04
11,12,7512,4,Could be better for the price point.,2024-01-16
12,1512,7512,4,Could be better for the price point.,2024-11-13
13,1521,21,2,Exactly what I was looking for.,2024-06-24
14,21,21,2,Exactly what I was looking for.,2024-07-12
15,10,7510,2,Very impressed with the build quality.,2024-01-19
16,1510,7510,2,Very impressed with the build quality.,2023-12-30
17,31,1531,2,"Not as described, slightly disappointed.",2024-11-11
18,1531,1531,2,"Not as described, slightly disappointed.",2024-04-28
19,37,4537,5,"Does the basics well, nothing fancy.",2024-06-08
20,1537,4537,5,"Does the basics well, nothing fancy.",2023-12-28
21,1550,7550,3,Outstanding quality and design.,2024-10-16
22,50,7550,3,Outstanding quality and design.,2024-03-18
23,75,1575,5,Could use some improvements.,2024-07-05
24,1575,1575,5,Could use some improvements.,2024-04-20
25,1522,9022,3,Better than similar products I have tried.,2024-02-29
26,22,9022,3,Better than similar products I have tried.,2024-01-04
27,25,1525,1,Decent product but overpriced.,2023-12-20
28,1525,1525,1,Decent product but overpriced.,2023-12-11
29,1530,7530,3,Absolutely love this product!,2023-12-04
30,30,7530,3,Absolutely love this product!,2024-01-22
31,1550,9050,3,Outstanding quality and design.,2024-08-30
32,50,9050,3,Outstanding quality and design.,2024-11-06
33,72,72,5,Really impressed with the quality.,2024-10-05
34,1572,72,5,Really impressed with the quality.,2024-11-09
35,1556,9056,1,Love the design and functionality.,2024-05-11
36,56,9056,1,Love the design and functionality.,2024-05-30
37,25,9025,1,Decent product but overpriced.,2024-02-13
38,1525,9025,1,Decent product but overpriced.,2024-05-31
39,1521,1521,2,Exactly what I was looking for.,2024-11-02
40,21,1521,2,Exactly what I was looking for.,2024-11-11
41,1520,7520,3,"Not worth the money, save your cash.",2023-12-27
42,20,7520,3,"Not worth the money, save your cash.",2024-04-19
43,1511,6011,4,"Shipping was fast, product works great!",2024-04-28
44,11,6011,4,"Shipping was fast, product works great!",2024-04-25
45,16,6016,4,"Customer service was excellent, product too.",2024-04-04
46,1516,6016,4,"Customer service was excellent, product too.",2024-10-19
47,1560,3060,1,Definitely recommend to others.,2024-09-08
48,60,3060,1,Definitely recommend to others.,2024-10-01
49,38,9038,4,Worth every penny spent.,2024-10-14
50,1538,9038,4,Worth every penny spent.,2024-07-14
51,24,7524,5,Would give it 6 stars if I could!,2024-11-04
52,1524,7524,5,Would give it 6 stars if I could!,2024-05-30
53,1567,3067,4,Impressive attention to detail.,2023-12-18
54,67,3067,4,Impressive attention to detail.,2024-06-11
55,7,7507,3,Amazing! Exceeded my expectations.,2024-10-19
56,1507,7507,3,Amazing! Exceeded my expectations.,2024-05-30
57,1544,7544,5,Minor issues but works as intended.,2024-07-23
58,44,7544,5,Minor issues but works as intended.,2024-07-27
59,9,9,2,"It is okay, does the job.",2024-05-02
60,1509,9,2,"It is okay, does the job.",2024-03-01
61,1533,1533,4,Good product but shipping took forever.,2024-08-24
62,33,1533,4,Good product but shipping took forever.,2024-02-14
63,37,3037,5,"Does the basics well, nothing fancy.",2024-10-22
64,1537,3037,5,"Does the basics well, nothing fancy.",2024-03-02
65,31,4531,2,"Not as described, slightly disappointed.",2024-03-28
66,1531,4531,2,"Not as described, slightly disappointed.",2024-02-07
67,1555,55,3,"Decent build quality, fair price.",2024-09-18
68,55,55,3,"Decent build quality, fair price.",2024-10-20
69,1533,7533,4,Good product but shipping took forever.,2023-12-19
70,33,7533,4,Good product but shipping took forever.,2024-04-04
71,27,4527,5,Had some issues but support was helpful.,2024-07-11
72,1527,4527,5,Had some issues but support was helpful.,2024-09-12
73,49,4549,1,"Not the best, but gets the job done.",2024-07-04
74,1549,4549,1,"Not the best, but gets the job done.",2024-03-07
75,1535,1535,4,Quality control needs improvement.,2024-04-11
76,35,1535,4,Quality control needs improvement.,2024-03-21
77,32,6032,5,"Functions perfectly, no issues so far.",2024-04-06
78,1532,6032,5,"Functions perfectly, no issues so far.",2024-10-20
79,79,7579,1,Would definitely buy again!,2023-12-01
80,1579,7579,1,Would definitely buy again!,2024-05-24
81,1560,6060,1,Definitely recommend to others.,2024-11-09
82,60,6060,1,Definitely recommend to others.,2024-10-28
83,1574,4574,2,"Fantastic product, fast shipping.",2023-12-13
84,74,4574,2,"Fantastic product, fast shipping.",2024-03-07
85,1520,6020,3,"Not worth the money, save your cash.",2024-04-17
86,20,6020,3,"Not worth the money, save your cash.",2024-03-11
87,1521,6021,2,Exactly what I was looking for.,2024-04-20
88,21,6021,2,Exactly what I was looking for.,2024-09-17
89,51,6051,1,Mixed feelings about this one.,2024-08-08
90,1551,6051,1,Mixed feelings about this one.,2024-03-13
91,1521,7521,2,Exactly what I was looking for.,2024-03-21
92,21,7521,2,Exactly what I was looking for.,2024-06-12
93,1519,19,5,"Works as advertised, no complaints.",2024-04-29
94,19,19,5,"Works as advertised, no complaints.",2024-02-28
95,47,1547,1,Perfect addition to my setup.,2024-09-07
96,1547,1547,1,Perfect addition to my setup.,2024-03-16
97,49,3049,1,"Not the best, but gets the job done.",2024-10-04
98,1549,3049,1,"Not the best, but gets the job done.",2024-03-12
99,70,3070,3,Met my expectations perfectly.,2024-07-17
100,1570,3070,3,Met my expectations perfectly.,2024-05-17
101,1562,4562,2,"Good product, slow delivery.",2024-01-20
102,62,4562,2,"Good product, slow delivery.",2024-07-10
103,1533,6033,4,Good product but shipping took forever.,2024-01-22
104,33,6033,4,Good product but shipping took forever.,2024-04-18
105,1545,9045,2,Exceeded my expectations completely.,2023-11-28
106,45,9045,2,Exceeded my expectations completely.,2024-06-23
107,38,6038,4,Worth every penny spent.,2024-02-16
108,1538,6038,4,Worth every penny spent.,2024-07-04
109,6,6006,1,"The item broke after a week, not happy.",2024-11-07
110,1506,6006,1,"The item broke after a week, not happy.",2024-01-18
111,1515,7515,3,"Lasted longer than expected, good purchase.",2024-09-08
112,15,7515,3,"Lasted longer than expected, good purchase.",2024-09-03
113,75,6075,5,Could use some improvements.,2024-07-15
114,1575,6075,5,Could use some improvements.,2024-03-06
115,1576,6076,3,"Great features, worth the wait.",2024-05-23
116,76,6076,3,"Great features, worth the wait.",2024-01-23
117,38,7538,4,Worth every penny spent.,2024-08-02
118,1538,7538,4,Worth every penny spent.,2024-10-23
119,1546,7546,2,"Just average, nothing remarkable.",2024-11-15
120,46,7546,2,"Just average, nothing remarkable.",2024-05-02
121,28,3028,1,"Solid construction, feels durable.",2024-08-24
122,1528,3028,1,"Solid construction, feels durable.",2023-12-16
123,3,7503,1,"Excellent quality, would buy again.",2024-04-21
124,1503,7503,1,"Excellent quality, would buy again.",2024-04-14
125,69,7569,1,Amazing value for the features.,2024-03-21
126,1569,7569,1,Amazing value for the features.,2024-04-12
127,24,24,5,Would give it 6 stars if I could!,2024-03-31
128,1524,24,5,Would give it 6 stars if I could!,2024-09-28
129,79,3079,1,Would definitely buy again!,2024-02-18
130,1579,3079,1,Would definitely buy again!,2024-07-03
131,1541,6041,3,Expected better quality materials.,2024-07-15
132,41,6041,3,Expected better quality materials.,2024-05-02
133,1526,4526,1,"Easy to use, great features.",2024-09-14
134,26,4526,1,"Easy to use, great features.",2024-11-07
135,1517,6017,5,Disappointed with the overall quality.,2024-06-26
136,17,6017,5,Disappointed with the overall quality.,2024-05-29
137,3,9003,1,"Excellent quality, would buy again.",2024-05-14
138,1503,9003,1,"Excellent quality, would buy again.",2024-11-02
139,1563,4563,4,Happy with the performance so far.,2024-04-26
140,63,4563,4,Happy with the performance so far.,2024-07-14
141,1517,17,5,Disappointed with the overall quality.,2024-07-30
142,17,17,5,Disappointed with the overall quality.,2024-04-08
143,1514,4514,2,"Average product, nothing special.",2024-01-02
144,14,4514,2,"Average product, nothing special.",2024-09-28
145,1545,45,2,Exceeded my expectations completely.,2024-01-22
146,45,45,2,Exceeded my expectations completely.,2024-09-28
147,1501,7501,4,"Great product, very satisfied!",2024-06-14
148,1,7501,4,"Great product, very satisfied!",2024-07-06
149,40,7540,2,Impressive features for the price.,2024-11-05
150,1540,7540,2,Impressive features for the price.,2024-01-09
151,1562,1562,2,"Good product, slow delivery.",2024-09-17
152,62,1562,2,"Good product, slow delivery.",2023-12-16
153,64,4564,2,Not quite what I was hoping for.,2024-07-16
154,1564,4564,2,Not quite what I was hoping for.,2024-08-16
155,28,1528,1,"Solid construction, feels durable.",2024-06-24
156,1528,1528,1,"Solid construction, feels durable.",2024-05-21
157,34,9034,4,Really happy with this purchase.,2024-08-13
158,1534,9034,4,Really happy with this purchase.,2024-10-19
159,1511,11,4,"Shipping was fast, product works great!",2024-11-08
160,11,11,4,"Shipping was fast, product works great!",2024-08-12
161,31,3031,2,"Not as described, slightly disappointed.",2024-05-15
162,1531,3031,2,"Not as described, slightly disappointed.",2024-04-24
163,78,9078,1,Good quality but instructions unclear.,2024-06-01
164,1578,9078,1,Good quality but instructions unclear.,2024-07-01
165,1548,4548,4,Wish I had bought this sooner!,2024-10-21
166,48,4548,4,Wish I had bought this sooner!,2024-08-05
167,71,4571,5,Solid product despite minor flaws.,2024-07-29
168,1571,4571,5,Solid product despite minor flaws.,2024-08-21
169,1501,3001,4,"Great product, very satisfied!",2024-04-04
170,1,3001,4,"Great product, very satisfied!",2024-03-08
171,16,9016,4,"Customer service was excellent, product too.",2024-03-17
172,1516,9016,4,"Customer service was excellent, product too.",2024-05-15
173,1573,1573,5,Works well but expensive for what it is.,2024-10-30
174,73,1573,5,Works well but expensive for what it is.,2024-11-15
175,75,9075,5,Could use some improvements.,2024-01-19
176,1575,9075,5,Could use some improvements.,2024-08-16
177,43,1543,3,"Great value, pleasantly surprised.",2024-05-04
178,1543,1543,3,"Great value, pleasantly surprised.",2024-05-05
179,9,9009,2,"It is okay, does the job.",2023-11-20
180,1509,9009,2,"It is okay, does the job.",2023-11-25
181,70,70,3,Met my expectations perfectly.,2023-11-24
182,1570,70,3,Met my expectations perfectly.,2024-04-12
183,1546,1546,2,"Just average, nothing remarkable.",2024-11-01
184,46,1546,2,"Just average, nothing remarkable.",2024-09-19
185,34,6034,4,Really happy with this purchase.,2024-08-27
186,1534,6034,4,Really happy with this purchase.,2024-02-08
187,7,6007,3,Amazing! Exceeded my expectations.,2024-04-08
188,1507,6007,3,Amazing! Exceeded my expectations.,2024-07-12
189,72,6072,5,Really impressed with the quality.,2023-12-31
190,1572,6072,5,Really impressed with the quality.,2024-02-01
191,1501,9001,4,"Great product, very satisfied!",2024-07-08
192,1,9001,4,"Great product, very satisfied!",2024-06-03
193,1545,3045,2,Exceeded my expectations completely.,2024-09-23
194,45,3045,2,Exceeded my expectations completely.,2024-02-21
195,43,43,3,"Great value, pleasantly surprised.",2023-11-22
196,1543,43,3,"Great value, pleasantly surprised.",2024-05-22
197,1514,6014,2,"Average product, nothing special.",2024-06-18
198,14,6014,2,"Average product, nothing special.",2024-03-06
199,51,7551,1,Mixed feelings about this one.,2024-04-14
200,1551,7551,1,Mixed feelings about this one.,2024-09-19
201,1501,1,4,"Great product, very satisfied!",2024-07-02
202,1,1,4,"Great product, very satisfied!",2024-03-06
203,1548,9048,4,Wish I had bought this sooner!,2024-09-16
204,48,9048,4,Wish I had bought this sooner!,2024-08-18
205,43,3043,3,"Great value, pleasantly surprised.",2024-06-16
206,1543,3043,3,"Great value, pleasantly surprised.",2024-08-24
207,36,3036,2,Outstanding performance and reliability.,2024-11-06
208,1536,3036,2,Outstanding performance and reliability.,2024-07-06
209,34,7534,4,Really happy with this purchase.,2024-11-12
210,1534,7534,4,Really happy with this purchase.,2024-09-05
211,71,1571,5,Solid product despite minor flaws.,2024-08-18
212,1571,1571,5,Solid product despite minor flaws.,2024-09-17
213,47,3047,1,Perfect addition to my setup.,2024-03-08
214,1547,3047,1,Perfect addition to my setup.,2024-06-26
215,2,7502,1,"Not what I expected, but still decent.",2024-08-26
216,1502,7502,1,"Not what I expected, but still decent.",2024-04-29
217,25,25,1,Decent product but overpriced.,2024-07-12
218,1525,25,1,Decent product but overpriced.,2024-02-25
219,1555,3055,3,"Decent build quality, fair price.",2023-12-08
220,55,3055,3,"Decent build quality, fair price.",2024-03-27
221,23,1523,1,Nice design but functionality is lacking.,2024-01-17
222,1523,1523,1,Nice design but functionality is lacking.,2023-12-06
223,40,4540,2,Impressive features for the price.,2024-03-19
224,1540,4540,2,Impressive features for the price.,2024-06-28
225,36,1536,2,Outstanding performance and reliability.,2024-10-13
226,1536,1536,2,Outstanding performance and reliability.,2024-07-30
227,1559,1559,2,Started strong but deteriorated quickly.,2024-04-01
228,59,1559,2,Started strong but deteriorated quickly.,2024-04-20
229,2,1502,1,"Not what I expected, but still decent.",2024-03-12
230,1502,1502,1,"Not what I expected, but still decent.",2024-04-23
231,1548,6048,4,Wish I had bought this sooner!,2024-10-23
232,48,6048,4,Wish I had bought this sooner!,2024-10-17
233,18,7518,2,Best purchase I have made this year!,2024-06-27
234,1518,7518,2,Best purchase I have made this year!,2024-04-08
235,57,1557,3,Some improvements needed but good overall.,2023-12-03
236,1557,1557,3,Some improvements needed but good overall.,2024-09-11
237,47,7547,1,Perfect addition to my setup.,2024-04-21
238,1547,7547,1,Perfect addition to my setup.,2024-03-19
239,77,9077,2,Satisfied with the purchase overall.,2024-10-24
240,1577,9077,2,Satisfied with the purchase overall.,2024-01-11
241,1514,1514,2,"Average product, nothing special.",2024-11-06
242,14,1514,2,"Average product, nothing special.",2024-10-22
243,78,3078,1,Good quality but instructions unclear.,2024-10-12
244,1578,3078,1,Good quality but instructions unclear.,2024-02-07
245,7,4507,3,Amazing! Exceeded my expectations.,2024-04-09
246,1507,4507,3,Amazing! Exceeded my expectations.,2024-09-26
247,7,3007,3,Amazing! Exceeded my expectations.,2024-07-21
248,1507,3007,3,Amazing! Exceeded my expectations.,2024-08-05
249,75,3075,5,Could use some improvements.,2024-06-28
250,1575,3075,5,Could use some improvements.,2024-06-02
251,70,4570,3,Met my expectations perfectly.,2024-01-05
252,1570,4570,3,Met my expectations perfectly.,2023-12-15
253,40,3040,2,Impressive features for the price.,2024-01-15
254,1540,3040,2,Impressive features for the price.,2024-09-25
255,28,9028,1,"Solid construction, feels durable.",2024-04-20
256,1528,9028,1,"Solid construction, feels durable.",2024-04-21
257,1574,7574,2,"Fantastic product, fast shipping.",2024-01-08
258,74,7574,2,"Fantastic product, fast shipping.",2024-11-06
259,1554,1554,2,Lives up to the hype completely.,2024-10-02
260,54,1554,2,Lives up to the hype completely.,2024-08-25
261,1574,3074,2,"Fantastic product, fast shipping.",2024-09-16
262,74,3074,2,"Fantastic product, fast shipping.",2023-12-14
263,69,4569,1,Amazing value for the features.,2024-10-29
264,1569,4569,1,Amazing value for the features.,2024-01-02
265,69,69,1,Amazing value for the features.,2023-12-31
266,1569,69,1,Amazing value for the features.,2024-05-23
267,49,1549,1,"Not the best, but gets the job done.",2024-07-23
268,1549,1549,1,"Not the best, but gets the job done.",2024-07-02
269,1559,9059,2,Started strong but deteriorated quickly.,2024-10-12
270,59,9059,2,Started strong but deteriorated quickly.,2024-06-30
271,64,1564,2,Not quite what I was hoping for.,2024-01-10
272,1564,1564,2,Not quite what I was hoping for.,2024-05-22
273,1567,9067,4,Impressive attention to detail.,2024-08-08
274,67,9067,4,Impressive attention to detail.,2024-09-21
275,1562,62,2,"Good product, slow delivery.",2024-07-03
276,62,62,2,"Good product, slow delivery.",2024-06-22
277,29,6029,1,"Pretty good, room for improvement though.",2024-10-14
278,1529,6029,1,"Pretty good, room for improvement though.",2024-11-02
279,43,9043,3,"Great value, pleasantly surprised.",2023-11-29
280,1543,9043,3,"Great value, pleasantly surprised.",2024-06-26
281,42,4542,5,Simple to set up and use daily.,2024-07-01
282,1542,4542,5,Simple to set up and use daily.,2024-07-02
283,3,3,1,"Excellent quality, would buy again.",2024-05-31
284,1503,3,1,"Excellent quality, would buy again.",2024-07-15
285,1558,9058,3,Excellent product for daily use.,2024-03-08
286,58,9058,3,Excellent product for daily use.,2024-02-26
287,13,4513,5,"Perfect for my needs, highly recommend.",2023-11-30
288,1513,4513,5,"Perfect for my needs, highly recommend.",2024-07-28
289,1505,5,1,Good value for the price.,2023-12-25
290,5,5,1,Good value for the price.,2024-08-21
291,6,7506,1,"The item broke after a week, not happy.",2024-06-08
292,1506,7506,1,"The item broke after a week, not happy.",2023-12-12
293,68,7568,3,Needs some refinement but promising.,2024-10-29
294,1568,7568,3,Needs some refinement but promising.,2024-07-05
295,1560,7560,1,Definitely recommend to others.,2024-07-29
296,60,7560,1,Definitely recommend to others.,2024-09-18
297,9,4509,2,"It is okay, does the job.",2023-12-15
298,1509,4509,2,"It is okay, does the job.",2024-11-14
299,12,6012,4,Could be better for the price point.,2024-09-21
300,1512,6012,4,Could be better for the price point.,2024-10-08
301,1505,6005,1,Good value for the price.,2024-06-24
302,5,6005,1,Good value for the price.,2024-03-09
303,1566,4566,1,Basic functionality but reliable.,2024-11-08
304,66,4566,1,Basic functionality but reliable.,2024-05-25
305,42,7542,5,Simple to set up and use daily.,2024-11-13
306,1542,7542,5,Simple to set up and use daily.,2024-04-27
307,1555,1555,3,"Decent build quality, fair price.",2024-02-03
308,55,1555,3,"Decent build quality, fair price.",2024-01-24
309,68,68,3,Needs some refinement but promising.,2024-01-29
310,1568,68,3,Needs some refinement but promising.,2024-01-22
311,1522,22,3,Better than similar products I have tried.,2024-01-29
312,22,22,3,Better than similar products I have tried.,2024-07-15
313,1541,41,3,Expected better quality materials.,2023-12-30
314,41,41,3,Expected better quality materials.,2024-03-29
315,1519,7519,5,"Works as advertised, no complaints.",2024-03-18
316,19,7519,5,"Works as advertised, no complaints.",2023-12-13
317,1501,1501,4,"Great product, very satisfied!",2024-10-21
318,1,1501,4,"Great product, very satisfied!",2024-02-29
319,71,6071,5,Solid product despite minor flaws.,2024-08-06
320,1571,6071,5,Solid product despite minor flaws.,2024-09-05
321,1520,20,3,"Not worth the money, save your cash.",2023-11-17
322,20,20,3,"Not worth the money, save your cash.",2024-09-04
323,27,1527,5,Had some issues but support was helpful.,2024-04-27
324,1527,1527,5,Had some issues but support was helpful.,2024-03-26
325,34,34,4,Really happy with this purchase.,2024-02-21
326,1534,34,4,Really happy with this purchase.,2024-07-10
327,3,3003,1,"Excellent quality, would buy again.",2024-09-14
328,1503,3003,1,"Excellent quality, would buy again.",2024-11-15
329,29,29,1,"Pretty good, room for improvement though.",2024-08-28
330,1529,29,1,"Pretty good, room for improvement though.",2024-11-02
331,1511,1511,4,"Shipping was fast, product works great!",2024-09-24
332,11,1511,4,"Shipping was fast, product works great!",2024-04-30
333,12,4512,4,Could be better for the price point.,2023-12-07
334,1512,4512,4,Could be better for the price point.,2024-02-14
335,9,6009,2,"It is okay, does the job.",2024-04-10
336,1509,6009,2,"It is okay, does the job.",2024-07-30
337,1522,3022,3,Better than similar products I have tried.,2024-11-05
338,22,3022,3,Better than similar products I have tried.,2024-11-14
339,39,9039,1,Some flaws but overall satisfactory.,2024-02-29
340,1539,9039,1,Some flaws but overall satisfactory.,2024-02-01
341,1530,30,3,Absolutely love this product!,2023-12-05
342,30,30,3,Absolutely love this product!,2024-04-25
343,1504,3004,1,The product arrived late but works well.,2023-12-05
344,4,3004,1,The product arrived late but works well.,2024-10-03
345,57,4557,3,Some improvements needed but good overall.,2024-04-14
346,1557,4557,3,Some improvements needed but good overall.,2024-10-04
347,1541,9041,3,Expected better quality materials.,2023-12-24
348,41,9041,3,Expected better quality materials.,2024-02-21
349,1533,9033,4,Good product but shipping took forever.,2023-12-05
350,33,9033,4,Good product but shipping took forever.,2024-07-07
351,1552,1552,2,"Reliable product, no regrets.",2024-01-05
352,52,1552,2,"Reliable product, no regrets.",2024-05-30
353,28,6028,1,"Solid construction, feels durable.",2024-07-01
354,1528,6028,1,"Solid construction, feels durable.",2024-09-16
355,51,9051,1,Mixed feelings about this one.,2023-11-17
356,1551,9051,1,Mixed feelings about this one.,2024-09-08
357,1541,1541,3,Expected better quality materials.,2024-02-08
358,41,1541,3,Expected better quality materials.,2024-03-22
359,61,3061,4,Better than I anticipated.,2024-07-06
360,1561,3061,4,Better than I anticipated.,2024-08-29
361,51,51,1,Mixed feelings about this one.,2024-04-28
362,1551,51,1,Mixed feelings about this one.,2024-04-18
363,70,9070,3,Met my expectations perfectly.,2024-05-24
364,1570,9070,3,Met my expectations perfectly.,2024-07-08
365,1556,1556,1,Love the design and functionality.,2023-12-24
366,56,1556,1,Love the design and functionality.,2024-09-15
367,1530,6030,3,Absolutely love this product!,2023-11-18
368,30,6030,3,Absolutely love this product!,2024-10-14
369,23,6023,1,Nice design but functionality is lacking.,2024-04-26
370,1523,6023,1,Nice design but functionality is lacking.,2024-08-29
371,1554,3054,2,Lives up to the hype completely.,2024-05-14
372,54,3054,2,Lives up to the hype completely.,2024-02-28
373,38,1538,4,Worth every penny spent.,2024-09-25
374,1538,1538,4,Worth every penny spent.,2023-11-30
375,1558,1558,3,Excellent product for daily use.,2024-02-19
376,58,1558,3,Excellent product for daily use.,2024-08-12
377,1504,1504,1,The product arrived late but works well.,2024-04-13
378,4,1504,1,The product arrived late but works well.,2023-11-24
379,78,6078,1,Good quality but instructions unclear.,2024-08-12
380,1578,6078,1,Good quality but instructions unclear.,2023-12-30
381,64,64,2,Not quite what I was hoping for.,2024-01-03
382,1564,64,2,Not quite what I was hoping for.,2024-08-03
383,1553,7553,5,Good features but poor execution.,2024-10-17
384,53,7553,5,Good features but poor execution.,2024-01-29
385,1566,3066,1,Basic functionality but reliable.,2024-08-03
386,66,3066,1,Basic functionality but reliable.,2024-03-29
387,1517,7517,5,Disappointed with the overall quality.,2024-08-17
388,17,7517,5,Disappointed with the overall quality.,2024-08-12
389,6,6,1,"The item broke after a week, not happy.",2024-07-15
390,1506,6,1,"The item broke after a week, not happy.",2024-04-05
391,1511,9011,4,"Shipping was fast, product works great!",2024-03-19
392,11,9011,4,"Shipping was fast, product works great!",2024-09-08
393,57,57,3,Some improvements needed but good overall.,2024-03-26
394,1557,57,3,Some improvements needed but good overall.,2024-02-06
395,1517,1517,5,Disappointed with the overall quality.,2024-02-10
396,17,1517,5,Disappointed with the overall quality.,2024-04-30
397,1553,53,5,Good features but poor execution.,2024-04-14
398,53,53,5,Good features but poor execution.,2024-01-11
399,27,3027,5,Had some issues but support was helpful.,2024-04-26
400,1527,3027,5,Had some issues but support was helpful.,2024-07-05
401,1519,1519,5,"Works as advertised, no complaints.",2024-04-03
402,19,1519,5,"Works as advertised, no complaints.",2024-01-10
403,1555,4555,3,"Decent build quality, fair price.",2024-09-30
404,55,4555,3,"Decent build quality, fair price.",2024-05-02
405,1522,4522,3,Better than similar products I have tried.,2023-12-16
406,22,4522,3,Better than similar products I have tried.,2023-12-12
407,1558,58,3,Excellent product for daily use.,2024-02-06
408,58,58,3,Excellent product for daily use.,2024-01-19
409,1553,6053,5,Good features but poor execution.,2024-04-08
410,53,6053,5,Good features but poor execution.,2024-01-02
411,18,3018,2,Best purchase I have made this year!,2024-05-21
412,1518,3018,2,Best purchase I have made this year!,2024-09-26
413,1576,7576,3,"Great features, worth the wait.",2024-05-31
414,76,7576,3,"Great features, worth the wait.",2024-09-14
415,16,16,4,"Customer service was excellent, product too.",2024-10-02
416,1516,16,4,"Customer service was excellent, product too.",2024-04-14
417,1530,9030,3,Absolutely love this product!,2024-07-06
418,30,9030,3,Absolutely love this product!,2024-01-04
419,65,9065,2,Superior quality compared to competitors.,2023-11-25
420,1565,9065,2,Superior quality compared to competitors.,2024-07-15
421,78,1578,1,Good quality but instructions unclear.,2024-02-04
422,1578,1578,1,Good quality but instructions unclear.,2024-05-21
423,1522,7522,3,Better than similar products I have tried.,2024-03-22
424,22,7522,3,Better than similar products I have tried.,2024-01-28
425,1505,1505,1,Good value for the price.,2024-09-27
426,5,1505,1,Good value for the price.,2024-01-10
427,27,7527,5,Had some issues but support was helpful.,2024-07-03
428,1527,7527,5,Had some issues but support was helpful.,2024-02-03
429,1559,7559,2,Started strong but deteriorated quickly.,2024-04-12
430,59,7559,2,Started strong but deteriorated quickly.,2024-09-08
431,1544,1544,5,Minor issues but works as intended.,2023-12-18
432,44,1544,5,Minor issues but works as intended.,2024-07-24
433,34,1534,4,Really happy with this purchase.,2024-04-22
434,1534,1534,4,Really happy with this purchase.,2024-09-29
435,3,4503,1,"Excellent quality, would buy again.",2024-08-18
436,1503,4503,1,"Excellent quality, would buy again.",2024-08-07
437,2,4502,1,"Not what I expected, but still decent.",2024-02-22
438,1502,4502,1,"Not what I expected, but still decent.",2024-08-01
439,6,9006,1,"The item broke after a week, not happy.",2024-10-08
440,1506,9006,1,"The item broke after a week, not happy.",2024-09-25
441,3,1503,1,"Excellent quality, would buy again.",2024-10-21
442,1503,1503,1,"Excellent quality, would buy again.",2024-11-16
443,1515,4515,3,"Lasted longer than expected, good purchase.",2024-07-12
444,15,4515,3,"Lasted longer than expected, good purchase.",2024-01-10
445,13,6013,5,"Perfect for my needs, highly recommend.",2024-03-12
446,1513,6013,5,"Perfect for my needs, highly recommend.",2024-10-27
447,68,1568,3,Needs some refinement but promising.,2024-02-17
448,1568,1568,3,Needs some refinement but promising.,2024-04-07
449,1563,1563,4,Happy with the performance so far.,2024-08-14
450,63,1563,4,Happy with the performance so far.,2023-12-30
451,6,4506,1,"The item broke after a week, not happy.",2024-06-22
452,1506,4506,1,"The item broke after a week, not happy.",2024-04-08
453,18,1518,2,Best purchase I have made this year!,2024-05-16
454,1518,1518,2,Best purchase I have made this year!,2023-12-23
455,25,3025,1,Decent product but overpriced.,2024-08-19
456,1525,3025,1,Decent product but overpriced.,2024-05-08
457,1567,4567,4,Impressive attention to detail.,2023-12-18
458,67,4567,4,Impressive attention to detail.,2024-11-06
459,12,1512,4,Could be better for the price point.,2024-11-02
460,1512,1512,4,Could be better for the price point.,2024-01-11
461,1511,3011,4,"Shipping was fast, product works great!",2024-11-07
462,11,3011,4,"Shipping was fast, product works great!",2024-06-12
463,1514,14,2,"Average product, nothing special.",2024-08-31
464,14,14,2,"Average product, nothing special.",2024-10-22
465,1555,9055,3,"Decent build quality, fair price.",2023-12-15
466,55,9055,3,"Decent build quality, fair price.",2024-05-16
467,1559,3059,2,Started strong but deteriorated quickly.,2024-09-26
468,59,3059,2,Started strong but deteriorated quickly.,2024-03-03
469,1535,3035,4,Quality control needs improvement.,2024-02-12
470,35,3035,4,Quality control needs improvement.,2024-04-04
471,1576,3076,3,"Great features, worth the wait.",2024-01-05
472,76,3076,3,"Great features, worth the wait.",2023-11-23
473,57,3057,3,Some improvements needed but good overall.,2024-10-11
474,1557,3057,3,Some improvements needed but good overall.,2024-06-02
475,75,75,5,Could use some improvements.,2024-01-09
476,1575,75,5,Could use some improvements.,2024-01-03
477,1574,1574,2,"Fantastic product, fast shipping.",2024-05-10
478,74,1574,2,"Fantastic product, fast shipping.",2024-02-26
479,38,4538,4,Worth every penny spent.,2024-06-15
480,1538,4538,4,Worth every penny spent.,2024-09-06
481,23,4523,1,Nice design but functionality is lacking.,2023-12-11
482,1523,4523,1,Nice design but functionality is lacking.,2024-02-06
483,72,3072,5,Really impressed with the quality.,2024-02-19
484,1572,3072,5,Really impressed with the quality.,2024-07-29
485,51,3051,1,Mixed feelings about this one.,2024-01-05
486,1551,3051,1,Mixed feelings about this one.,2024-01-08
487,47,47,1,Perfect addition to my setup.,2024-07-03
488,1547,47,1,Perfect addition to my setup.,2024-05-23
489,77,1577,2,Satisfied with the purchase overall.,2024-03-13
490,1577,1577,2,Satisfied with the purchase overall.,2024-04-09
491,1508,6008,2,"Fantastic, exactly what I needed.",2024-06-15
492,8,6008,2,"Fantastic, exactly what I needed.",2024-03-15
493,1535,35,4,Quality control needs improvement.,2024-06-15
494,35,35,4,Quality control needs improvement.,2024-08-19
495,1530,1530,3,Absolutely love this product!,2024-09-26
496,30,1530,3,Absolutely love this product!,2024-04-13
497,38,38,4,Worth every penny spent.,2024-09-03
498,1538,38,4,Worth every penny spent.,2024-04-30
499,32,32,5,"Functions perfectly, no issues so far.",2024-01-27
500,1532,32,5,"Functions perfectly, no issues so far.",2023-12-25
501,23,9023,1,Nice design but functionality is lacking.,2024-11-06
502,1523,9023,1,Nice design but functionality is lacking.,2024-10-27
503,24,3024,5,Would give it 6 stars if I could!,2024-03-05
504,1524,3024,5,Would give it 6 stars if I could!,2024-06-12
505,49,49,1,"Not the best, but gets the job done.",2024-03-21
506,1549,49,1,"Not the best, but gets the job done.",2024-04-18
507,68,9068,3,Needs some refinement but promising.,2024-09-19
508,1568,9068,3,Needs some refinement but promising.,2024-05-21
509,7,9007,3,Amazing! Exceeded my expectations.,2024-03-11
510,1507,9007,3,Amazing! Exceeded my expectations.,2024-03-13
511,1559,6059,2,Started strong but deteriorated quickly.,2023-12-17
512,59,6059,2,Started strong but deteriorated quickly.,2024-10-11
513,1519,9019,5,"Works as advertised, no complaints.",2024-05-31
514,19,9019,5,"Works as advertised, no complaints.",2024-04-09
515,1517,3017,5,Disappointed with the overall quality.,2024-11-05
516,17,3017,5,Disappointed with the overall quality.,2024-06-25
517,40,1540,2,Impressive features for the price.,2023-12-22
518,1540,1540,2,Impressive features for the price.,2024-09-22
519,1556,6056,1,Love the design and functionality.,2024-06-20
520,56,6056,1,Love the design and functionality.,2024-08-03
521,31,6031,2,"Not as described, slightly disappointed.",2024-08-31
522,1531,6031,2,"Not as described, slightly disappointed.",2024-01-18
523,1558,7558,3,Excellent product for daily use.,2023-11-29
524,58,7558,3,Excellent product for daily use.,2024-02-23
525,1526,6026,1,"Easy to use, great features.",2024-05-02
526,26,6026,1,"Easy to use, great features.",2024-05-31
527,1519,6019,5,"Works as advertised, no complaints.",2024-08-16
528,19,6019,5,"Works as advertised, no complaints.",2024-07-27
529,9,3009,2,"It is okay, does the job.",2024-06-19
530,1509,3009,2,"It is okay, does the job.",2024-10-31
531,1515,6015,3,"Lasted longer than expected, good purchase.",2024-10-27
532,15,6015,3,"Lasted longer than expected, good purchase.",2024-08-08
533,29,1529,1,"Pretty good, room for improvement though.",2024-06-01
534,1529,1529,1,"Pretty good, room for improvement though.",2024-07-01
535,13,7513,5,"Perfect for my needs, highly recommend.",2023-12-22
536,1513,7513,5,"Perfect for my needs, highly recommend.",2024-05-01
537,1535,9035,4,Quality control needs improvement.,2024-04-02
538,35,9035,4,Quality control needs improvement.,2024-04-22
539,31,31,2,"Not as described, slightly disappointed.",2024-01-24
540,1531,31,2,"Not as described, slightly disappointed.",2024-05-06
541,36,6036,2,Outstanding performance and reliability.,2024-01-03
542,1536,6036,2,Outstanding performance and reliability.,2024-03-08
543,1546,9046,2,"Just average, nothing remarkable.",2023-12-01
544,46,9046,2,"Just average, nothing remarkable.",2024-03-16
545,1573,6073,5,Works well but expensive for what it is.,2023-12-10
546,73,6073,5,Works well but expensive for what it is.,2024-09-14
547,39,1539,1,Some flaws but overall satisfactory.,2024-06-07
548,1539,1539,1,Some flaws but overall satisfactory.,2024-11-09
549,1556,56,1,Love the design and functionality.,2024-06-07
550,56,56,1,Love the design and functionality.,2024-08-14
551,40,40,2,Impressive features for the price.,2024-02-22
552,1540,40,2,Impressive features for the price.,2024-03-01
553,13,13,5,"Perfect for my needs, highly recommend.",2024-08-08
554,1513,13,5,"Perfect for my needs, highly recommend.",2023-11-23
555,10,6010,2,Very impressed with the build quality.,2024-03-04
556,1510,6010,2,Very impressed with the build quality.,2024-07-15
557,69,9069,1,Amazing value for the features.,2024-05-22
558,1569,9069,1,Amazing value for the features.,2024-11-11
559,1504,7504,1,The product arrived late but works well.,2024-04-29
560,4,7504,1,The product arrived late but works well.,2024-05-01
561,1573,73,5,Works well but expensive for what it is.,2024-08-14
562,73,73,5,Works well but expensive for what it is.,2024-05-22
563,1558,3058,3,Excellent product for daily use.,2024-02-14
564,58,3058,3,Excellent product for daily use.,2024-10-02
565,6,3006,1,"The item broke after a week, not happy.",2024-02-16
566,1506,3006,1,"The item broke after a week, not happy.",2024-08-22
567,12,3012,4,Could be better for the price point.,2024-02-10
568,1512,3012,4,Could be better for the price point.,2024-06-04
569,71,7571,5,Solid product despite minor flaws.,2024-01-02
570,1571,7571,5,Solid product despite minor flaws.,2024-02-08
571,61,9061,4,Better than I anticipated.,2023-11-19
572,1561,9061,4,Better than I anticipated.,2024-03-26
573,57,9057,3,Some improvements needed but good overall.,2024-01-08
574,1557,9057,3,Some improvements needed but good overall.,2024-03-27
575,1519,3019,5,"Works as advertised, no complaints.",2024-05-12
576,19,3019,5,"Works as advertised, no complaints.",2024-02-09
577,1541,4541,3,Expected better quality materials.,2023-11-24
578,41,4541,3,Expected better quality materials.,2024-08-10
579,1559,59,2,Started strong but deteriorated quickly.,2024-10-05
580,59,59,2,Started strong but deteriorated quickly.,2024-04-23
581,1530,4530,3,Absolutely love this product!,2024-01-12
582,30,4530,3,Absolutely love this product!,2024-02-04
583,39,7539,1,Some flaws but overall satisfactory.,2024-04-10
584,1539,7539,1,Some flaws but overall satisfactory.,2023-11-24
585,43,7543,3,"Great value, pleasantly surprised.",2024-11-02
586,1543,7543,3,"Great value, pleasantly surprised.",2024-04-18
587,3,6003,1,"Excellent quality, would buy again.",2023-12-03
588,1503,6003,1,"Excellent quality, would buy again.",2024-05-18
589,16,4516,4,"Customer service was excellent, product too.",2024-04-30
590,1516,4516,4,"Customer service was excellent, product too.",2024-09-24
591,68,4568,3,Needs some refinement but promising.,2024-03-31
592,1568,4568,3,Needs some refinement but promising.,2024-05-26
593,64,6064,2,Not quite what I was hoping for.,2024-03-17
594,1564,6064,2,Not quite what I was hoping for.,2024-11-13
595,49,6049,1,"Not the best, but gets the job done.",2024-04-24
596,1549,6049,1,"Not the best, but gets the job done.",2024-07-31
597,16,3016,4,"Customer service was excellent, product too.",2024-02-10
598,1516,3016,4,"Customer service was excellent, product too.",2024-05-22
599,61,61,4,Better than I anticipated.,2024-03-15
600,1561,61,4,Better than I anticipated.,2023-12-18
601,32,1532,5,"Functions perfectly, no issues so far.",2024-07-12
602,1532,1532,5,"Functions perfectly, no issues so far.",2024-02-28
603,1526,1526,1,"Easy to use, great features.",2024-02-17
604,26,1526,1,"Easy to use, great features.",2024-06-18
605,1545,7545,2,Exceeded my expectations completely.,2024-06-09
606,45,7545,2,Exceeded my expectations completely.,2024-10-23
607,1521,3021,2,Exactly what I was looking for.,2024-11-15
608,21,3021,2,Exactly what I was looking for.,2024-05-20
609,38,3038,4,Worth every penny spent.,2024-04-21
610,1538,3038,4,Worth every penny spent.,2024-03-10
611,68,3068,3,Needs some refinement but promising.,2024-03-12
612,1568,3068,3,Needs some refinement but promising.,2024-01-04
613,1535,7535,4,Quality control needs improvement.,2024-10-04
614,35,7535,4,Quality control needs improvement.,2024-02-04
615,1522,6022,3,Better than similar products I have tried.,2024-08-09
616,22,6022,3,Better than similar products I have tried.,2024-05-07
617,1553,9053,5,Good features but poor execution.,2024-07-01
618,53,9053,5,Good features but poor execution.,2024-01-29
619,1526,26,1,"Easy to use, great features.",2024-06-28
620,26,26,1,"Easy to use, great features.",2024-04-06
621,37,1537,5,"Does the basics well, nothing fancy.",2024-09-06
622,1537,1537,5,"Does the basics well, nothing fancy.",2023-12-05
623,13,1513,5,"Perfect for my needs, highly recommend.",2023-11-23
624,1513,1513,5,"Perfect for my needs, highly recommend.",2024-10-11
625,1545,1545,2,Exceeded my expectations completely.,2023-12-25
626,45,1545,2,Exceeded my expectations completely.,2023-12-07
627,12,12,4,Could be better for the price point.,2024-05-07
628,1512,12,4,Could be better for the price point.,2024-08-15
629,1574,9074,2,"Fantastic product, fast shipping.",2024-07-08
630,74,9074,2,"Fantastic product, fast shipping.",2024-02-12
631,25,7525,1,Decent product but overpriced.,2024-03-03
632,1525,7525,1,Decent product but overpriced.,2023-11-24
633,23,7523,1,Nice design but functionality is lacking.,2024-03-29
634,1523,7523,1,Nice design but functionality is lacking.,2023-11-21
635,77,7577,2,Satisfied with the purchase overall.,2024-10-20
636,1577,7577,2,Satisfied with the purchase overall.,2023-11-29
637,1548,48,4,Wish I had bought this sooner!,2023-12-19
638,48,48,4,Wish I had bought this sooner!,2024-07-18
639,1535,4535,4,Quality control needs improvement.,2024-07-03
640,35,4535,4,Quality control needs improvement.,2024-01-25
641,1526,7526,1,"Easy to use, great features.",2024-03-22
642,26,7526,1,"Easy to use, great features.",2023-12-24
643,36,9036,2,Outstanding performance and reliability.,2024-03-24
644,1536,9036,2,Outstanding performance and reliability.,2024-05-17
645,1576,76,3,"Great features, worth the wait.",2024-09-12
646,76,76,3,"Great features, worth the wait.",2024-06-01
647,1574,74,2,"Fantastic product, fast shipping.",2024-08-09
648,74,74,2,"Fantastic product, fast shipping.",2024-06-02
649,1520,3020,3,"Not worth the money, save your cash.",2024-04-30
650,20,3020,3,"Not worth the money, save your cash.",2024-07-17
651,69,3069,1,Amazing value for the features.,2024-08-29
652,1569,3069,1,Amazing value for the features.,2024-11-11
653,1552,9052,2,"Reliable product, no regrets.",2024-09-11
654,52,9052,2,"Reliable product, no regrets.",2023-11-22
655,1552,4552,2,"Reliable product, no regrets.",2023-12-18
656,52,4552,2,"Reliable product, no regrets.",2024-05-24
657,1504,9004,1,The product arrived late but works well.,2024-08-30
658,4,9004,1,The product arrived late but works well.,2024-04-06
659,42,1542,5,Simple to set up and use daily.,2024-05-30
660,1542,1542,5,Simple to set up and use daily.,2024-06-05
661,1556,3056,1,Love the design and functionality.,2024-03-10
662,56,3056,1,Love the design and functionality.,2024-02-23
663,1573,7573,5,Works well but expensive for what it is.,2024-04-25
664,73,7573,5,Works well but expensive for what it is.,2023-11-25
665,1567,67,4,Impressive attention to detail.,2024-05-13
666,67,67,4,Impressive attention to detail.,2024-07-02
667,1514,3014,2,"Average product, nothing special.",2024-09-24
668,14,3014,2,"Average product, nothing special.",2024-07-27
669,1544,9044,5,Minor issues but works as intended.,2024-07-03
670,44,9044,5,Minor issues but works as intended.,2024-02-07
671,1550,4550,3,Outstanding quality and design.,2024-07-12
672,50,4550,3,Outstanding quality and design.,2024-10-28
673,70,1570,3,Met my expectations perfectly.,2024-11-09
674,1570,1570,3,Met my expectations perfectly.,2024-03-01
675,10,3010,2,Very impressed with the build quality.,2024-09-09
676,1510,3010,2,Very impressed with the build quality.,2024-09-26
677,1566,1566,1,Basic functionality but reliable.,2024-08-11
678,66,1566,1,Basic functionality but reliable.,2024-11-12
679,36,4536,2,Outstanding performance and reliability.,2024-02-20
680,1536,4536,2,Outstanding performance and reliability.,2023-12-12
681,1573,9073,5,Works well but expensive for what it is.,2023-12-26
682,73,9073,5,Works well but expensive for what it is.,2023-11-21
683,1552,3052,2,"Reliable product, no regrets.",2024-08-05
684,52,3052,2,"Reliable product, no regrets.",2024-05-05
685,79,4579,1,Would definitely buy again!,2024-01-14
686,1579,4579,1,Would definitely buy again!,2024-09-25
687,1533,4533,4,Good product but shipping took forever.,2024-07-29
688,33,4533,4,Good product but shipping took forever.,2024-07-25
689,1520,9020,3,"Not worth the money, save your cash.",2024-11-04
690,20,9020,3,"Not worth the money, save your cash.",2024-04-18
691,1556,7556,1,Love the design and functionality.,2024-06-18
692,56,7556,1,Love the design and functionality.,2024-01-18
693,51,1551,1,Mixed feelings about this one.,2024-09-11
694,1551,1551,1,Mixed feelings about this one.,2024-01-17
695,65,4565,2,Superior quality compared to competitors.,2024-08-30
696,1565,4565,2,Superior quality compared to competitors.,2024-04-07
697,1548,3048,4,Wish I had bought this sooner!,2024-05-12
698,48,3048,4,Wish I had bought this sooner!,2024-11-06
699,32,9032,5,"Functions perfectly, no issues so far.",2024-03-20
700,1532,9032,5,"Functions perfectly, no issues so far.",2023-12-22
701,29,9029,1,"Pretty good, room for improvement though.",2024-09-26
702,1529,9029,1,"Pretty good, room for improvement though.",2024-10-28
703,1563,63,4,Happy with the performance so far.,2024-03-29
704,63,63,4,Happy with the performance so far.,2024-04-22
705,65,7565,2,Superior quality compared to competitors.,2023-12-17
706,1565,7565,2,Superior quality compared to competitors.,2024-07-31
707,71,9071,5,Solid product despite minor flaws.,2023-12-05
708,1571,9071,5,Solid product despite minor flaws.,2024-04-24
709,61,6061,4,Better than I anticipated.,2024-09-09
710,1561,6061,4,Better than I anticipated.,2024-07-01
711,42,9042,5,Simple to set up and use daily.,2024-06-07
712,1542,9042,5,Simple to set up and use daily.,2024-06-29
713,71,71,5,Solid product despite minor flaws.,2024-06-18
714,1571,71,5,Solid product despite minor flaws.,2023-12-07
715,65,6065,2,Superior quality compared to competitors.,2023-12-27
716,1565,6065,2,Superior quality compared to competitors.,2023-12-03
717,1552,7552,2,"Reliable product, no regrets.",2023-12-22
718,52,7552,2,"Reliable product, no regrets.",2024-06-28
719,1501,6001,4,"Great product, very satisfied!",2024-03-17
720,1,6001,4,"Great product, very satisfied!",2024-04-24
721,77,77,2,Satisfied with the purchase overall.,2024-05-25
722,1577,77,2,Satisfied with the purchase overall.,2024-07-12
723,1556,4556,1,Love the design and functionality.,2024-10-16
724,56,4556,1,Love the design and functionality.,2024-01-28
725,1548,1548,4,Wish I had bought this sooner!,2024-08-26
726,48,1548,4,Wish I had bought this sooner!,2024-05-08
727,1546,3046,2,"Just average, nothing remarkable.",2024-03-06
728,46,3046,2,"Just average, nothing remarkable.",2024-03-29
729,1553,1553,5,Good features but poor execution.,2024-06-15
730,53,1553,5,Good features but poor execution.,2024-02-09
731,57,7557,3,Some improvements needed but good overall.,2023-11-22
732,1557,7557,3,Some improvements needed but good overall.,2024-02-27
733,1504,6004,1,The product arrived late but works well.,2024-05-30
734,4,6004,1,The product arrived late but works well.,2024-01-06
735,68,6068,3,Needs some refinement but promising.,2024-07-15
736,1568,6068,3,Needs some refinement but promising.,2024-03-19
737,72,7572,5,Really impressed with the quality.,2024-07-04
738,1572,7572,5,Really impressed with the quality.,2024-02-26
739,79,6079,1,Would definitely buy again!,2024-02-20
740,1579,6079,1,Would definitely buy again!,2024-04-09
741,49,9049,1,"Not the best, but gets the job done.",2024-07-09
742,1549,9049,1,"Not the best, but gets the job done.",2024-05-20
743,40,9040,2,Impressive features for the price.,2023-11-18
744,1540,9040,2,Impressive features for the price.,2024-04-21
745,1544,6044,5,Minor issues but works as intended.,2024-09-17
746,44,6044,5,Minor issues but works as intended.,2024-06-29
747,28,7528,1,"Solid construction, feels durable.",2024-03-31
748,1528,7528,1,"Solid construction, feels durable.",2024-05-27
749,72,1572,5,Really impressed with the quality.,2024-07-19
750,1572,1572,5,Really impressed with the quality.,2024-08-15
751,2,9002,1,"Not what I expected, but still decent.",2024-01-28
752,1502,9002,1,"Not what I expected, but still decent.",2023-11-21
753,39,3039,1,Some flaws but overall satisfactory.,2024-10-11
754,1539,3039,1,Some flaws but overall satisfactory.,2024-07-12
755,27,6027,5,Had some issues but support was helpful.,2024-07-21
756,1527,6027,5,Had some issues but support was helpful.,2023-12-22
757,1505,3005,1,Good value for the price.,2023-12-10
758,5,3005,1,Good value for the price.,2024-07-19
759,37,7537,5,"Does the basics well, nothing fancy.",2024-07-29
760,1537,7537,5,"Does the basics well, nothing fancy.",2024-07-01
761,36,36,2,Outstanding performance and reliability.,2023-12-17
762,1536,36,2,Outstanding performance and reliability.,2024-07-27
763,1563,3063,4,Happy with the performance so far.,2024-03-25
764,63,3063,4,Happy with the performance so far.,2023-12-17
765,51,4551,1,Mixed feelings about this one.,2024-10-12
766,1551,4551,1,Mixed feelings about this one.,2024-06-30
767,78,4578,1,Good quality but instructions unclear.,2024-10-24
768,1578,4578,1,Good quality but instructions unclear.,2024-07-06
769,27,9027,5,Had some issues but support was helpful.,2024-08-19
770,1527,9027,5,Had some issues but support was helpful.,2024-09-09
771,25,4525,1,Decent product but overpriced.,2024-07-30
772,1525,4525,1,Decent product but overpriced.,2024-04-06
773,1574,6074,2,"Fantastic product, fast shipping.",2024-05-17
774,74,6074,2,"Fantastic product, fast shipping.",2024-03-23
775,1519,4519,5,"Works as advertised, no complaints.",2024-02-29
776,19,4519,5,"Works as advertised, no complaints.",2024-05-17
777,1563,9063,4,Happy with the performance so far.,2024-06-24
778,63,9063,4,Happy with the performance so far.,2024-09-10
779,1562,9062,2,"Good product, slow delivery.",2024-08-14
780,62,9062,2,"Good product, slow delivery.",2024-04-08
781,1555,6055,3,"Decent build quality, fair price.",2024-02-10
782,55,6055,3,"Decent build quality, fair price.",2024-11-03
783,1548,7548,4,Wish I had bought this sooner!,2024-06-24
784,48,7548,4,Wish I had bought this sooner!,2024-03-03
785,65,1565,2,Superior quality compared to competitors.,2024-06-29
786,1565,1565,2,Superior quality compared to competitors.,2024-08-09
787,1511,7511,4,"Shipping was fast, product works great!",2024-01-03
788,11,7511,4,"Shipping was fast, product works great!",2024-08-10
789,1554,4554,2,Lives up to the hype completely.,2024-04-22
790,54,4554,2,Lives up to the hype completely.,2024-11-02
791,1544,4544,5,Minor issues but works as intended.,2024-07-03
792,44,4544,5,Minor issues but works as intended.,2024-08-02
793,1511,4511,4,"Shipping was fast, product works great!",2024-10-16
794,11,4511,4,"Shipping was fast, product works great!",2024-03-27
795,10,1510,2,Very impressed with the build quality.,2024-04-01
796,1510,1510,2,Very impressed with the build quality.,2024-11-15
797,1560,9060,1,Definitely recommend to others.,2024-10-05
798,60,9060,1,Definitely recommend to others.,2024-03-13
799,61,1561,4,Better than I anticipated.,2024-04-06
800,1561,1561,4,Better than I anticipated.,2024-07-21
801,37,9037,5,"Does the basics well, nothing fancy.",2024-03-05
802,1537,9037,5,"Does the basics well, nothing fancy.",2024-06-10
803,43,6043,3,"Great value, pleasantly surprised.",2024-06-19
804,1543,6043,3,"Great value, pleasantly surprised.",2024-02-27
805,36,7536,2,Outstanding performance and reliability.,2023-11-17
806,1536,7536,2,Outstanding performance and reliability.,2024-06-09
807,13,9013,5,"Perfect for my needs, highly recommend.",2024-10-25
808,1513,9013,5,"Perfect for my needs, highly recommend.",2024-07-11
809,1555,7555,3,"Decent build quality, fair price.",2024-03-18
810,55,7555,3,"Decent build quality, fair price.",2024-05-03
811,32,3032,5,"Functions perfectly, no issues so far.",2024-04-17
812,1532,3032,5,"Functions perfectly, no issues so far.",2024-09-06
813,1515,3015,3,"Lasted longer than expected, good purchase.",2024-02-02
814,15,3015,3,"Lasted longer than expected, good purchase.",2023-12-17
815,1576,9076,3,"Great features, worth the wait.",2024-07-23
816,76,9076,3,"Great features, worth the wait.",2024-05-22
817,79,79,1,Would definitely buy again!,2024-04-11
818,1579,79,1,Would definitely buy again!,2024-01-21
819,1517,9017,5,Disappointed with the overall quality.,2024-02-28
820,17,9017,5,Disappointed with the overall quality.,2024-01-28
821,42,3042,5,Simple to set up and use daily.,2024-08-22
822,1542,3042,5,Simple to set up and use daily.,2023-12-10
823,34,4534,4,Really happy with this purchase.,2023-11-26
824,1534,4534,4,Really happy with this purchase.,2024-07-28
825,1559,4559,2,Started strong but deteriorated quickly.,2024-03-19
826,59,4559,2,Started strong but deteriorated quickly.,2024-01-01
827,72,9072,5,Really impressed with the quality.,2024-11-13
828,1572,9072,5,Really impressed with the quality.,2024-03-18
829,32,4532,5,"Functions perfectly, no issues so far.",2023-12-12
830,1532,4532,5,"Functions perfectly, no issues so far.",2024-05-22
831,37,6037,5,"Does the basics well, nothing fancy.",2024-09-28
832,1537,6037,5,"Does the basics well, nothing fancy.",2024-08-24
833,1533,3033,4,Good product but shipping took forever.,2024-04-11
834,33,3033,4,Good product but shipping took forever.,2024-11-05
835,1520,4520,3,"Not worth the money, save your cash.",2024-06-02
836,20,4520,3,"Not worth the money, save your cash.",2024-06-09
837,29,4529,1,"Pretty good, room for improvement though.",2024-04-10
838,1529,4529,1,"Pretty good, room for improvement though.",2024-07-15
839,1550,1550,3,Outstanding quality and design.,2024-10-11
840,50,1550,3,Outstanding quality and design.,2024-03-05
841,28,28,1,"Solid construction, feels durable.",2024-01-21
842,1528,28,1,"Solid construction, feels durable.",2023-11-24
843,64,7564,2,Not quite what I was hoping for.,2024-07-09
844,1564,7564,2,Not quite what I was hoping for.,2023-12-30
845,1546,46,2,"Just average, nothing remarkable.",2023-12-20
846,46,46,2,"Just average, nothing remarkable.",2024-01-10
847,1576,1576,3,"Great features, worth the wait.",2024-07-03
848,76,1576,3,"Great features, worth the wait.",2024-10-02
849,1567,6067,4,Impressive attention to detail.,2024-05-15
850,67,6067,4,Impressive attention to detail.,2024-04-05
851,1533,33,4,Good product but shipping took forever.,2024-06-17
852,33,33,4,Good product but shipping took forever.,2024-02-13
853,69,6069,1,Amazing value for the features.,2024-11-02
854,1569,6069,1,Amazing value for the features.,2024-01-31
855,37,37,5,"Does the basics well, nothing fancy.",2024-02-12
856,1537,37,5,"Does the basics well, nothing fancy.",2024-03-14
857,79,1579,1,Would definitely buy again!,2024-10-16
858,1579,1579,1,Would definitely buy again!,2024-08-27
859,16,7516,4,"Customer service was excellent, product too.",2024-08-12
860,1516,7516,4,"Customer service was excellent, product too.",2024-11-07
861,61,7561,4,Better than I anticipated.,2024-10-07
862,1561,7561,4,Better than I anticipated.,2024-02-07
863,1550,3050,3,Outstanding quality and design.,2024-10-26
864,50,3050,3,Outstanding quality and design.,2024-10-29
865,1550,50,3,Outstanding quality and design.,2024-08-26
866,50,50,3,Outstanding quality and design.,2024-03-01
867,1508,9008,2,"Fantastic, exactly what I needed.",2024-01-18
868,8,9008,2,"Fantastic, exactly what I needed.",2024-05-02
869,7,7,3,Amazing! Exceeded my expectations.,2023-12-30
870,1507,7,3,Amazing! Exceeded my expectations.,2024-07-17
871,1546,6046,2,"Just average, nothing remarkable.",2023-11-17
872,46,6046,2,"Just average, nothing remarkable.",2024-01-17
873,39,6039,1,Some flaws but overall satisfactory.,2024-04-24
874,1539,6039,1,Some flaws but overall satisfactory.,2024-04-26
875,2,3002,1,"Not what I expected, but still decent.",2024-02-22
876,1502,3002,1,"Not what I expected, but still decent.",2023-12-23
877,1567,7567,4,Impressive attention to detail.,2024-10-03
878,67,7567,4,Impressive attention to detail.,2024-01-29
879,1515,9015,3,"Lasted longer than expected, good purchase.",2024-06-12
880,15,9015,3,"Lasted longer than expected, good purchase.",2024-03-04
881,1515,15,3,"Lasted longer than expected, good purchase.",2024-05-22
882,15,15,3,"Lasted longer than expected, good purchase.",2024-06-21
883,1501,4501,4,"Great product, very satisfied!",2024-09-17
884,1,4501,4,"Great product, very satisfied!",2024-08-16
885,2,6002,1,"Not what I expected, but still decent.",2024-06-19
886,1502,6002,1,"Not what I expected, but still decent.",2024-08-26
887,70,7570,3,Met my expectations perfectly.,2024-08-08
888,1570,7570,3,Met my expectations perfectly.,2024-05-08
889,23,3023,1,Nice design but functionality is lacking.,2024-08-04
890,1523,3023,1,Nice design but functionality is lacking.,2024-02-16
891,75,4575,5,Could use some improvements.,2024-05-19
892,1575,4575,5,Could use some improvements.,2024-06-18
893,1515,1515,3,"Lasted longer than expected, good purchase.",2024-08-27
894,15,1515,3,"Lasted longer than expected, good purchase.",2024-04-10
895,1567,1567,4,Impressive attention to detail.,2024-08-18
896,67,1567,4,Impressive attention to detail.,2024-10-09
897,24,6024,5,Would give it 6 stars if I could!,2024-06-16
898,1524,6024,5,Would give it 6 stars if I could!,2024-08-31
899,1560,4560,1,Definitely recommend to others.,2024-04-15
900,60,4560,1,Definitely recommend to others.,2024-06-14
901,31,9031,2,"Not as described, slightly disappointed.",2024-06-21
902,1531,9031,2,"Not as described, slightly disappointed.",2024-05-12
903,70,6070,3,Met my expectations perfectly.,2024-09-11
904,1570,6070,3,Met my expectations perfectly.,2024-07-01
905,34,3034,4,Really happy with this purchase.,2024-08-30
906,1534,3034,4,Really happy with this purchase.,2023-12-04
907,1563,7563,4,Happy with the performance so far.,2024-06-23
908,63,7563,4,Happy with the performance so far.,2024-10-05
909,61,4561,4,Better than I anticipated.,2024-11-01
910,1561,4561,4,Better than I anticipated.,2024-02-09
911,1505,7505,1,Good value for the price.,2024-09-04
912,5,7505,1,Good value for the price.,2024-02-23
913,1563,6063,4,Happy with the performance so far.,2024-04-20
914,63,6063,4,Happy with the performance so far.,2024-08-23
915,7,1507,3,Amazing! Exceeded my expectations.,2024-10-28
916,1507,1507,3,Amazing! Exceeded my expectations.,2023-12-21
917,1508,4508,2,"Fantastic, exactly what I needed.",2024-02-28
918,8,4508,2,"Fantastic, exactly what I needed.",2024-09-04
919,9,7509,2,"It is okay, does the job.",2024-03-11
920,1509,7509,2,"It is okay, does the job.",2023-12-23
921,42,42,5,Simple to set up and use daily.,2024-03-12
922,1542,42,5,Simple to set up and use daily.,2024-05-28
923,1521,4521,2,Exactly what I was looking for.,2024-03-19
924,21,4521,2,Exactly what I was looking for.,2024-02-28
925,18,4518,2,Best purchase I have made this year!,2024-02-02
926,1518,4518,2,Best purchase I have made this year!,2023-11-30
927,1562,3062,2,"Good product, slow delivery.",2024-03-04
928,62,3062,2,"Good product, slow delivery.",2024-09-01
929,78,78,1,Good quality but instructions unclear.,2024-02-26
930,1578,78,1,Good quality but instructions unclear.,2024-01-08
931,23,23,1,Nice design but functionality is lacking.,2024-07-08
932,1523,23,1,Nice design but functionality is lacking.,2023-12-23
933,6,1506,1,"The item broke after a week, not happy.",2024-04-25
934,1506,1506,1,"The item broke after a week, not happy.",2024-05-16
935,10,9010,2,Very impressed with the build quality.,2023-11-28
936,1510,9010,2,Very impressed with the build quality.,2024-02-26
937,18,18,2,Best purchase I have made this year!,2024-04-29
938,1518,18,2,Best purchase I have made this year!,2024-01-29
939,1505,4505,1,Good value for the price.,2024-04-06
940,5,4505,1,Good value for the price.,2024-01-19
941,1544,3044,5,Minor issues but works as intended.,2024-11-04
942,44,3044,5,Minor issues but works as intended.,2024-07-20
943,29,7529,1,"Pretty good, room for improvement though.",2024-02-01
944,1529,7529,1,"Pretty good, room for improvement though.",2024-11-08
945,32,7532,5,"Functions perfectly, no issues so far.",2024-10-14
946,1532,7532,5,"Functions perfectly, no issues so far.",2024-04-19
947,47,9047,1,Perfect addition to my setup.,2024-03-28
948,1547,9047,1,Perfect addition to my setup.,2024-04-05
949,1566,6066,1,Basic functionality but reliable.,2024-09-28
950,66,6066,1,Basic functionality but reliable.,2024-06-27
951,1562,6062,2,"Good product, slow delivery.",2024-05-24
952,62,6062,2,"Good product, slow delivery.",2024-02-17
953,39,39,1,Some flaws but overall satisfactory.,2024-05-04
954,1539,39,1,Some flaws but overall satisfactory.,2024-01-30
955,1566,7566,1,Basic functionality but reliable.,2024-10-22
956,66,7566,1,Basic functionality but reliable.,2024-08-29
957,1566,66,1,Basic functionality but reliable.,2023-11-23
958,66,66,1,Basic functionality but reliable.,2024-04-27
959,1545,4545,2,Exceeded my expectations completely.,2024-02-27
960,45,4545,2,Exceeded my expectations completely.,2024-02-29
961,18,9018,2,Best purchase I have made this year!,2024-06-27
962,1518,9018,2,Best purchase I have made this year!,2024-06-13
963,1505,9005,1,Good value for the price.,2024-08-09
964,5,9005,1,Good value for the price.,2023-11-28
965,1553,3053,5,Good features but poor execution.,2024-03-18
966,53,3053,5,Good features but poor execution.,2024-09-10
967,1544,44,5,Minor issues but works as intended.,2024-07-27
968,44,44,5,Minor issues but works as intended.,2024-07-24
969,29,3029,1,"Pretty good, room for improvement though.",2024-10-16
970,1529,3029,1,"Pretty good, room for improvement though.",2024-01-16
971,1552,6052,2,"Reliable product, no regrets.",2024-03-25
972,52,6052,2,"Reliable product, no regrets.",2024-08-27
973,1558,4558,3,Excellent product for daily use.,2024-01-01
974,58,4558,3,Excellent product for daily use.,2023-12-11
975,1504,4504,1,The product arrived late but works well.,2023-12-28
976,4,4504,1,The product arrived late but works well.,2024-06-16
977,27,27,5,Had some issues but support was helpful.,2024-07-16
978,1527,27,5,Had some issues but support was helpful.,2024-07-06
979,77,4577,2,Satisfied with the purchase overall.,2024-06-02
980,1577,4577,2,Satisfied with the purchase overall.,2023-12-30
981,18,6018,2,Best purchase I have made this year!,2024-01-10
982,1518,6018,2,Best purchase I have made this year!,2024-07-27
983,12,9012,4,Could be better for the price point.,2024-03-25
984,1512,9012,4,Could be better for the price point.,2024-03-30
985,40,6040,2,Impressive features for the price.,2024-03-04
986,1540,6040,2,Impressive features for the price.,2024-02-20
987,1517,4517,5,Disappointed with the overall quality.,2024-04-04
988,17,4517,5,Disappointed with the overall quality.,2024-08-15
989,1520,1520,3,"Not worth the money, save your cash.",2024-04-09
990,20,1520,3,"Not worth the money, save your cash.",2024-10-05
991,57,6057,3,Some improvements needed but good overall.,2024-03-06
992,1557,6057,3,Some improvements needed but good overall.,2024-08-20
993,64,9064,2,Not quite what I was hoping for.,2024-08-23
994,1564,9064,2,Not quite what I was hoping for.,2024-04-06
995,1535,6035,4,Quality control needs improvement.,2024-06-11
996,35,6035,4,Quality control needs improvement.,2024-11-02
997,47,6047,1,Perfect addition to my setup.,2024-06-17
998,1547,6047,1,Perfect addition to my setup.,2024-10-13
999,1526,9026,1,"Easy to use, great features.",2024-09-30
1000,26,9026,1,"Easy to use, great features.",2024-10-11
1001,1550,6050,3,Outstanding quality and design.,2024-02-20
1002,50,6050,3,Outstanding quality and design.,2024-02-04
1003,75,7575,5,Could use some improvements.,2024-07-05
1004,1575,7575,5,Could use some improvements.,2024-02-15
1005,10,4510,2,Very impressed with the build quality.,2024-09-05
1006,1510,4510,2,Very impressed with the build quality.,2024-06-29
1007,77,3077,2,Satisfied with the purchase overall.,2024-07-15
1008,1577,3077,2,Satisfied with the purchase overall.,2023-11-26
1009,1508,1508,2,"Fantastic, exactly what I needed.",2024-08-25
1010,8,1508,2,"Fantastic, exactly what I needed.",2024-03-08
1011,1545,6045,2,Exceeded my expectations completely.,2024-09-23
1012,45,6045,2,Exceeded my expectations completely.,2024-01-01
1013,1554,54,2,Lives up to the hype completely.,2024-09-20
1014,54,54,2,Lives up to the hype completely.,2024-08-06
1015,1504,4,1,The product arrived late but works well.,2024-04-22
1016,4,4,1,The product arrived late but works well.,2024-05-15
1017,2,2,1,"Not what I expected, but still decent.",2024-07-31
1018,1502,2,1,"Not what I expected, but still decent.",2024-05-03
1019,31,7531,2,"Not as described, slightly disappointed.",2024-06-19
1020,1531,7531,2,"Not as described, slightly disappointed.",2024-03-07
1021,1562,7562,2,"Good product, slow delivery.",2023-12-15
1022,62,7562,2,"Good product, slow delivery.",2024-04-30
1023,39,4539,1,Some flaws but overall satisfactory.,2024-05-15
1024,1539,4539,1,Some flaws but overall satisfactory.,2024-06-04
1025,1541,3041,3,Expected better quality materials.,2023-11-19
1026,41,3041,3,Expected better quality materials.,2024-05-15
1027,71,3071,5,Solid product despite minor flaws.,2024-02-12
1028,1571,3071,5,Solid product despite minor flaws.,2024-08-24
1029,1514,7514,2,"Average product, nothing special.",2024-11-09
1030,14,7514,2,"Average product, nothing special.",2024-09-20
1031,42,6042,5,Simple to set up and use daily.,2024-06-08
1032,1542,6042,5,Simple to set up and use daily.,2024-05-07
1033,24,9024,5,Would give it 6 stars if I could!,2024-06-04
1034,1524,9024,5,Would give it 6 stars if I could!,2024-09-04
1035,1554,7554,2,Lives up to the hype completely.,2024-07-09
1036,54,7554,2,Lives up to the hype completely.,2024-06-13
1037,69,1569,1,Amazing value for the features.,2024-09-02
1038,1569,1569,1,Amazing value for the features.,2024-06-02
1039,78,7578,1,Good quality but instructions unclear.,2024-05-20
1040,1578,7578,1,Good quality but instructions unclear.,2024-02-04
1041,79,9079,1,Would definitely buy again!,2024-02-20
1042,1579,9079,1,Would definitely buy again!,2024-04-09
1043,49,7549,1,"Not the best, but gets the job done.",2024-07-29
1044,1549,7549,1,"Not the best, but gets the job done.",2024-10-07
1045,43,4543,3,"Great value, pleasantly surprised.",2024-01-31
1046,1543,4543,3,"Great value, pleasantly surprised.",2024-08-08
1047,10,10,2,Very impressed with the build quality.,2024-01-19
1048,1510,10,2,Very impressed with the build quality.,2024-07-08
1049,1541,7541,3,Expected better quality materials.,2024-06-16
1050,41,7541,3,Expected better quality materials.,2024-11-08
1051,1508,8,2,"Fantastic, exactly what I needed.",2024-06-06
1052,8,8,2,"Fantastic, exactly what I needed.",2024-06-17
1053,1573,4573,5,Works well but expensive for what it is.,2024-07-22
1054,73,4573,5,Works well but expensive for what it is.,2024-03-02
1055,1514,9014,2,"Average product, nothing special.",2024-07-08
1056,14,9014,2,"Average product, nothing special.",2024-10-08
1057,65,65,2,Superior quality compared to competitors.,2023-12-22
1058,1565,65,2,Superior quality compared to competitors.,2024-03-05
1059,9,1509,2,"It is okay, does the job.",2024-04-06
1060,1509,1509,2,"It is okay, does the job.",2024-02-12
1061,47,4547,1,Perfect addition to my setup.,2024-04-14
1062,1547,4547,1,Perfect addition to my setup.,2024-03-05
1063,1560,1560,1,Definitely recommend to others.,2024-05-24
1064,60,1560,1,Definitely recommend to others.,2024-07-06
1065,1554,9054,2,Lives up to the hype completely.,2023-11-20
1066,54,9054,2,Lives up to the hype completely.,2024-10-31
1067,1521,9021,2,Exactly what I was looking for.,2024-09-18
1068,21,9021,2,Exactly what I was looking for.,2024-07-17
1069,25,6025,1,Decent product but overpriced.,2024-11-16
1070,1525,6025,1,Decent product but overpriced.,2024-06-26
1071,72,4572,5,Really impressed with the quality.,2023-12-04
1072,1572,4572,5,Really impressed with the quality.,2024-01-19
1073,24,1524,5,Would give it 6 stars if I could!,2024-03-17
1074,1524,1524,5,Would give it 6 stars if I could!,2024-06-01
1075,13,3013,5,"Perfect for my needs, highly recommend.",2024-02-22
1076,1513,3013,5,"Perfect for my needs, highly recommend.",2024-04-13
1077,1558,6058,3,Excellent product for daily use.,2024-05-08
1078,58,6058,3,Excellent product for daily use.,2024-06-15
1079,1508,7508,2,"Fantastic, exactly what I needed.",2024-05-28
1080,8,7508,2,"Fantastic, exactly what I needed.",2024-04-23
1081,28,4528,1,"Solid construction, feels durable.",2024-07-25
1082,1528,4528,1,"Solid construction, feels durable.",2024-03-29
1083,77,6077,2,Satisfied with the purchase overall.,2024-04-16
1084,1577,6077,2,Satisfied with the purchase overall.,2024-07-24
1085,1573,3073,5,Works well but expensive for what it is.,2024-08-16
1086,73,3073,5,Works well but expensive for what it is.,2024-01-15
1087,1546,4546,2,"Just average, nothing remarkable.",2024-04-29
1088,46,4546,2,"Just average, nothing remarkable.",2024-03-13
1089,64,3064,2,Not quite what I was hoping for.,2023-12-05
1090,1564,3064,2,Not quite what I was hoping for.,2024-03-23
1091,1554,6054,2,Lives up to the hype completely.,2023-12-24
1092,54,6054,2,Lives up to the hype completely.,2024-02-18
1093,1526,3026,1,"Easy to use, great features.",2024-01-17
1094,26,3026,1,"Easy to use, great features.",2024-05-03
1095,1576,4576,3,"Great features, worth the wait.",2024-07-24
1096,76,4576,3,"Great features, worth the wait.",2024-04-09
1097,65,3065,2,Superior quality compared to competitors.,2024-03-31
1098,1565,3065,2,Superior quality compared to competitors.,2024-10-01
1099,1552,52,2,"Reliable product, no regrets.",2024-03-18
1100,52,52,2,"Reliable product, no regrets.",2024-10-09
1101,24,4524,5,Would give it 6 stars if I could!,2024-07-25
1102,1524,4524,5,Would give it 6 stars if I could!,2024-02-25
1103,1530,3030,3,Absolutely love this product!,2024-10-25
1104,30,3030,3,Absolutely love this product!,2023-12-18
1105,1553,4553,5,Good features but poor execution.,2024-01-26
1106,53,4553,5,Good features but poor execution.,2023-12-12
